date,week_id,week_of_year,month_of_year
2010-01-02,1,1,1
2010-01-03,1,1,1
2010-01-04,1,1,1
2010-01-05,1,1,1
2010-01-06,1,1,1
2010-01-07,1,1,1
2010-01-08,1,1,1
2010-01-09,2,2,1
2010-01-10,2,2,1
2010-01-11,2,2,1
2010-01-12,2,2,1
2010-01-13,2,2,1
2010-01-14,2,2,1
2010-01-15,2,2,1
2010-01-16,3,3,1
2010-01-17,3,3,1
2010-01-18,3,3,1
2010-01-19,3,3,1
2010-01-20,3,3,1
2010-01-21,3,3,1
2010-01-22,3,3,1
2010-01-23,4,4,1
2010-01-24,4,4,1
2010-01-25,4,4,1
2010-01-26,4,4,1
2010-01-27,4,4,1
2010-01-28,4,4,1
2010-01-29,4,4,1
2010-01-30,5,5,2
2010-01-31,5,5,2
2010-02-01,5,5,2
2010-02-02,5,5,2
2010-02-03,5,5,2
2010-02-04,5,5,2
2010-02-05,5,5,2
2010-02-06,6,6,2
2010-02-07,6,6,2
2010-02-08,6,6,2
2010-02-09,6,6,2
2010-02-10,6,6,2
2010-02-11,6,6,2
2010-02-12,6,6,2
2010-02-13,7,7,2
2010-02-14,7,7,2
2010-02-15,7,7,2
2010-02-16,7,7,2
2010-02-17,7,7,2
2010-02-18,7,7,2
2010-02-19,7,7,2
2010-02-20,8,8,2
2010-02-21,8,8,2
2010-02-22,8,8,2
2010-02-23,8,8,2
2010-02-24,8,8,2
2010-02-25,8,8,2
2010-02-26,8,8,2
2010-02-27,9,9,3
2010-02-28,9,9,3
2010-03-01,9,9,3
2010-03-02,9,9,3
2010-03-03,9,9,3
2010-03-04,9,9,3
2010-03-05,9,9,3
2010-03-06,10,10,3
2010-03-07,10,10,3
2010-03-08,10,10,3
2010-03-09,10,10,3
2010-03-10,10,10,3
2010-03-11,10,10,3
2010-03-12,10,10,3
2010-03-13,11,11,3
2010-03-14,11,11,3
2010-03-15,11,11,3
2010-03-16,11,11,3
2010-03-17,11,11,3
2010-03-18,11,11,3
2010-03-19,11,11,3
2010-03-20,12,12,3
2010-03-21,12,12,3
2010-03-22,12,12,3
2010-03-23,12,12,3
2010-03-24,12,12,3
2010-03-25,12,12,3
2010-03-26,12,12,3
2010-03-27,13,13,3
2010-03-28,13,13,3
2010-03-29,13,13,3
2010-03-30,13,13,3
2010-03-31,13,13,3
2010-04-01,13,13,3
2010-04-02,13,13,3
2010-04-03,14,14,4
2010-04-04,14,14,4
2010-04-05,14,14,4
2010-04-06,14,14,4
2010-04-07,14,14,4
2010-04-08,14,14,4
2010-04-09,14,14,4
2010-04-10,15,15,4
2010-04-11,15,15,4
2010-04-12,15,15,4
2010-04-13,15,15,4
2010-04-14,15,15,4
2010-04-15,15,15,4
2010-04-16,15,15,4
2010-04-17,16,16,4
2010-04-18,16,16,4
2010-04-19,16,16,4
2010-04-20,16,16,4
2010-04-21,16,16,4
2010-04-22,16,16,4
2010-04-23,16,16,4
2010-04-24,17,17,4
2010-04-25,17,17,4
2010-04-26,17,17,4
2010-04-27,17,17,4
2010-04-28,17,17,4
2010-04-29,17,17,4
2010-04-30,17,17,4
2010-05-01,18,18,5
2010-05-02,18,18,5
2010-05-03,18,18,5
2010-05-04,18,18,5
2010-05-05,18,18,5
2010-05-06,18,18,5
2010-05-07,18,18,5
2010-05-08,19,19,5
2010-05-09,19,19,5
2010-05-10,19,19,5
2010-05-11,19,19,5
2010-05-12,19,19,5
2010-05-13,19,19,5
2010-05-14,19,19,5
2010-05-15,20,20,5
2010-05-16,20,20,5
2010-05-17,20,20,5
2010-05-18,20,20,5
2010-05-19,20,20,5
2010-05-20,20,20,5
2010-05-21,20,20,5
2010-05-22,21,21,5
2010-05-23,21,21,5
2010-05-24,21,21,5
2010-05-25,21,21,5
2010-05-26,21,21,5
2010-05-27,21,21,5
2010-05-28,21,21,5
2010-05-29,22,22,6
2010-05-30,22,22,6
2010-05-31,22,22,6
2010-06-01,22,22,6
2010-06-02,22,22,6
2010-06-03,22,22,6
2010-06-04,22,22,6
2010-06-05,23,23,6
2010-06-06,23,23,6
2010-06-07,23,23,6
2010-06-08,23,23,6
2010-06-09,23,23,6
2010-06-10,23,23,6
2010-06-11,23,23,6
2010-06-12,24,24,6
2010-06-13,24,24,6
2010-06-14,24,24,6
2010-06-15,24,24,6
2010-06-16,24,24,6
2010-06-17,24,24,6
2010-06-18,24,24,6
2010-06-19,25,25,6
2010-06-20,25,25,6
2010-06-21,25,25,6
2010-06-22,25,25,6
2010-06-23,25,25,6
2010-06-24,25,25,6
2010-06-25,25,25,6
2010-06-26,26,26,6
2010-06-27,26,26,6
2010-06-28,26,26,6
2010-06-29,26,26,6
2010-06-30,26,26,6
2010-07-01,26,26,6
2010-07-02,26,26,6
2010-07-03,27,27,7
2010-07-04,27,27,7
2010-07-05,27,27,7
2010-07-06,27,27,7
2010-07-07,27,27,7
2010-07-08,27,27,7
2010-07-09,27,27,7
2010-07-10,28,28,7
2010-07-11,28,28,7
2010-07-12,28,28,7
2010-07-13,28,28,7
2010-07-14,28,28,7
2010-07-15,28,28,7
2010-07-16,28,28,7
2010-07-17,29,29,7
2010-07-18,29,29,7
2010-07-19,29,29,7
2010-07-20,29,29,7
2010-07-21,29,29,7
2010-07-22,29,29,7
2010-07-23,29,29,7
2010-07-24,30,30,7
2010-07-25,30,30,7
2010-07-26,30,30,7
2010-07-27,30,30,7
2010-07-28,30,30,7
2010-07-29,30,30,7
2010-07-30,30,30,7
2010-07-31,31,31,8
2010-08-01,31,31,8
2010-08-02,31,31,8
2010-08-03,31,31,8
2010-08-04,31,31,8
2010-08-05,31,31,8
2010-08-06,31,31,8
2010-08-07,32,32,8
2010-08-08,32,32,8
2010-08-09,32,32,8
2010-08-10,32,32,8
2010-08-11,32,32,8
2010-08-12,32,32,8
2010-08-13,32,32,8
2010-08-14,33,33,8
2010-08-15,33,33,8
2010-08-16,33,33,8
2010-08-17,33,33,8
2010-08-18,33,33,8
2010-08-19,33,33,8
2010-08-20,33,33,8
2010-08-21,34,34,8
2010-08-22,34,34,8
2010-08-23,34,34,8
2010-08-24,34,34,8
2010-08-25,34,34,8
2010-08-26,34,34,8
2010-08-27,34,34,8
2010-08-28,35,35,8
2010-08-29,35,35,8
2010-08-30,35,35,8
2010-08-31,35,35,8
2010-09-01,35,35,8
2010-09-02,35,35,8
2010-09-03,35,35,8
2010-09-04,36,36,9
2010-09-05,36,36,9
2010-09-06,36,36,9
2010-09-07,36,36,9
2010-09-08,36,36,9
2010-09-09,36,36,9
2010-09-10,36,36,9
2010-09-11,37,37,9
2010-09-12,37,37,9
2010-09-13,37,37,9
2010-09-14,37,37,9
2010-09-15,37,37,9
2010-09-16,37,37,9
2010-09-17,37,37,9
2010-09-18,38,38,9
2010-09-19,38,38,9
2010-09-20,38,38,9
2010-09-21,38,38,9
2010-09-22,38,38,9
2010-09-23,38,38,9
2010-09-24,38,38,9
2010-09-25,39,39,9
2010-09-26,39,39,9
2010-09-27,39,39,9
2010-09-28,39,39,9
2010-09-29,39,39,9
2010-09-30,39,39,9
2010-10-01,39,39,9
2010-10-02,40,40,10
2010-10-03,40,40,10
2010-10-04,40,40,10
2010-10-05,40,40,10
2010-10-06,40,40,10
2010-10-07,40,40,10
2010-10-08,40,40,10
2010-10-09,41,41,10
2010-10-10,41,41,10
2010-10-11,41,41,10
2010-10-12,41,41,10
2010-10-13,41,41,10
2010-10-14,41,41,10
2010-10-15,41,41,10
2010-10-16,42,42,10
2010-10-17,42,42,10
2010-10-18,42,42,10
2010-10-19,42,42,10
2010-10-20,42,42,10
2010-10-21,42,42,10
2010-10-22,42,42,10
2010-10-23,43,43,10
2010-10-24,43,43,10
2010-10-25,43,43,10
2010-10-26,43,43,10
2010-10-27,43,43,10
2010-10-28,43,43,10
2010-10-29,43,43,10
2010-10-30,44,44,11
2010-10-31,44,44,11
2010-11-01,44,44,11
2010-11-02,44,44,11
2010-11-03,44,44,11
2010-11-04,44,44,11
2010-11-05,44,44,11
2010-11-06,45,45,11
2010-11-07,45,45,11
2010-11-08,45,45,11
2010-11-09,45,45,11
2010-11-10,45,45,11
2010-11-11,45,45,11
2010-11-12,45,45,11
2010-11-13,46,46,11
2010-11-14,46,46,11
2010-11-15,46,46,11
2010-11-16,46,46,11
2010-11-17,46,46,11
2010-11-18,46,46,11
2010-11-19,46,46,11
2010-11-20,47,47,11
2010-11-21,47,47,11
2010-11-22,47,47,11
2010-11-23,47,47,11
2010-11-24,47,47,11
2010-11-25,47,47,11
2010-11-26,47,47,11
2010-11-27,48,48,11
2010-11-28,48,48,11
2010-11-29,48,48,11
2010-11-30,48,48,11
2010-12-01,48,48,11
2010-12-02,48,48,11
2010-12-03,48,48,11
2010-12-04,49,49,12
2010-12-05,49,49,12
2010-12-06,49,49,12
2010-12-07,49,49,12
2010-12-08,49,49,12
2010-12-09,49,49,12
2010-12-10,49,49,12
2010-12-11,50,50,12
2010-12-12,50,50,12
2010-12-13,50,50,12
2010-12-14,50,50,12
2010-12-15,50,50,12
2010-12-16,50,50,12
2010-12-17,50,50,12
2010-12-18,51,51,12
2010-12-19,51,51,12
2010-12-20,51,51,12
2010-12-21,51,51,12
2010-12-22,51,51,12
2010-12-23,51,51,12
2010-12-24,51,51,12
2010-12-25,52,52,12
2010-12-26,52,52,12
2010-12-27,52,52,12
2010-12-28,52,52,12
2010-12-29,52,52,12
2010-12-30,52,52,12
2010-12-31,52,52,12
2011-01-01,53,1,1
2011-01-02,53,1,1
2011-01-03,53,1,1
2011-01-04,53,1,1
2011-01-05,53,1,1
2011-01-06,53,1,1
2011-01-07,53,1,1
2011-01-08,54,2,1
2011-01-09,54,2,1
2011-01-10,54,2,1
2011-01-11,54,2,1
2011-01-12,54,2,1
2011-01-13,54,2,1
2011-01-14,54,2,1
2011-01-15,55,3,1
2011-01-16,55,3,1
2011-01-17,55,3,1
2011-01-18,55,3,1
2011-01-19,55,3,1
2011-01-20,55,3,1
2011-01-21,55,3,1
2011-01-22,56,4,1
2011-01-23,56,4,1
2011-01-24,56,4,1
2011-01-25,56,4,1
2011-01-26,56,4,1
2011-01-27,56,4,1
2011-01-28,56,4,1
2011-01-29,57,5,2
2011-01-30,57,5,2
2011-01-31,57,5,2
2011-02-01,57,5,2
2011-02-02,57,5,2
2011-02-03,57,5,2
2011-02-04,57,5,2
2011-02-05,58,6,2
2011-02-06,58,6,2
2011-02-07,58,6,2
2011-02-08,58,6,2
2011-02-09,58,6,2
2011-02-10,58,6,2
2011-02-11,58,6,2
2011-02-12,59,7,2
2011-02-13,59,7,2
2011-02-14,59,7,2
2011-02-15,59,7,2
2011-02-16,59,7,2
2011-02-17,59,7,2
2011-02-18,59,7,2
2011-02-19,60,8,2
2011-02-20,60,8,2
2011-02-21,60,8,2
2011-02-22,60,8,2
2011-02-23,60,8,2
2011-02-24,60,8,2
2011-02-25,60,8,2
2011-02-26,61,9,3
2011-02-27,61,9,3
2011-02-28,61,9,3
2011-03-01,61,9,3
2011-03-02,61,9,3
2011-03-03,61,9,3
2011-03-04,61,9,3
2011-03-05,62,10,3
2011-03-06,62,10,3
2011-03-07,62,10,3
2011-03-08,62,10,3
2011-03-09,62,10,3
2011-03-10,62,10,3
2011-03-11,62,10,3
2011-03-12,63,11,3
2011-03-13,63,11,3
2011-03-14,63,11,3
2011-03-15,63,11,3
2011-03-16,63,11,3
2011-03-17,63,11,3
2011-03-18,63,11,3
2011-03-19,64,12,3
2011-03-20,64,12,3
2011-03-21,64,12,3
2011-03-22,64,12,3
2011-03-23,64,12,3
2011-03-24,64,12,3
2011-03-25,64,12,3
2011-03-26,65,13,3
2011-03-27,65,13,3
2011-03-28,65,13,3
2011-03-29,65,13,3
2011-03-30,65,13,3
2011-03-31,65,13,3
2011-04-01,65,13,3
2011-04-02,66,14,4
2011-04-03,66,14,4
2011-04-04,66,14,4
2011-04-05,66,14,4
2011-04-06,66,14,4
2011-04-07,66,14,4
2011-04-08,66,14,4
2011-04-09,67,15,4
2011-04-10,67,15,4
2011-04-11,67,15,4
2011-04-12,67,15,4
2011-04-13,67,15,4
2011-04-14,67,15,4
2011-04-15,67,15,4
2011-04-16,68,16,4
2011-04-17,68,16,4
2011-04-18,68,16,4
2011-04-19,68,16,4
2011-04-20,68,16,4
2011-04-21,68,16,4
2011-04-22,68,16,4
2011-04-23,69,17,4
2011-04-24,69,17,4
2011-04-25,69,17,4
2011-04-26,69,17,4
2011-04-27,69,17,4
2011-04-28,69,17,4
2011-04-29,69,17,4
2011-04-30,70,18,5
2011-05-01,70,18,5
2011-05-02,70,18,5
2011-05-03,70,18,5
2011-05-04,70,18,5
2011-05-05,70,18,5
2011-05-06,70,18,5
2011-05-07,71,19,5
2011-05-08,71,19,5
2011-05-09,71,19,5
2011-05-10,71,19,5
2011-05-11,71,19,5
2011-05-12,71,19,5
2011-05-13,71,19,5
2011-05-14,72,20,5
2011-05-15,72,20,5
2011-05-16,72,20,5
2011-05-17,72,20,5
2011-05-18,72,20,5
2011-05-19,72,20,5
2011-05-20,72,20,5
2011-05-21,73,21,5
2011-05-22,73,21,5
2011-05-23,73,21,5
2011-05-24,73,21,5
2011-05-25,73,21,5
2011-05-26,73,21,5
2011-05-27,73,21,5
2011-05-28,74,22,5
2011-05-29,74,22,5
2011-05-30,74,22,5
2011-05-31,74,22,5
2011-06-01,74,22,5
2011-06-02,74,22,5
2011-06-03,74,22,5
2011-06-04,75,23,6
2011-06-05,75,23,6
2011-06-06,75,23,6
2011-06-07,75,23,6
2011-06-08,75,23,6
2011-06-09,75,23,6
2011-06-10,75,23,6
2011-06-11,76,24,6
2011-06-12,76,24,6
2011-06-13,76,24,6
2011-06-14,76,24,6
2011-06-15,76,24,6
2011-06-16,76,24,6
2011-06-17,76,24,6
2011-06-18,77,25,6
2011-06-19,77,25,6
2011-06-20,77,25,6
2011-06-21,77,25,6
2011-06-22,77,25,6
2011-06-23,77,25,6
2011-06-24,77,25,6
2011-06-25,78,26,6
2011-06-26,78,26,6
2011-06-27,78,26,6
2011-06-28,78,26,6
2011-06-29,78,26,6
2011-06-30,78,26,6
2011-07-01,78,26,6
2011-07-02,79,27,7
2011-07-03,79,27,7
2011-07-04,79,27,7
2011-07-05,79,27,7
2011-07-06,79,27,7
2011-07-07,79,27,7
2011-07-08,79,27,7
2011-07-09,80,28,7
2011-07-10,80,28,7
2011-07-11,80,28,7
2011-07-12,80,28,7
2011-07-13,80,28,7
2011-07-14,80,28,7
2011-07-15,80,28,7
2011-07-16,81,29,7
2011-07-17,81,29,7
2011-07-18,81,29,7
2011-07-19,81,29,7
2011-07-20,81,29,7
2011-07-21,81,29,7
2011-07-22,81,29,7
2011-07-23,82,30,7
2011-07-24,82,30,7
2011-07-25,82,30,7
2011-07-26,82,30,7
2011-07-27,82,30,7
2011-07-28,82,30,7
2011-07-29,82,30,7
2011-07-30,83,31,8
2011-07-31,83,31,8
2011-08-01,83,31,8
2011-08-02,83,31,8
2011-08-03,83,31,8
2011-08-04,83,31,8
2011-08-05,83,31,8
2011-08-06,84,32,8
2011-08-07,84,32,8
2011-08-08,84,32,8
2011-08-09,84,32,8
2011-08-10,84,32,8
2011-08-11,84,32,8
2011-08-12,84,32,8
2011-08-13,85,33,8
2011-08-14,85,33,8
2011-08-15,85,33,8
2011-08-16,85,33,8
2011-08-17,85,33,8
2011-08-18,85,33,8
2011-08-19,85,33,8
2011-08-20,86,34,8
2011-08-21,86,34,8
2011-08-22,86,34,8
2011-08-23,86,34,8
2011-08-24,86,34,8
2011-08-25,86,34,8
2011-08-26,86,34,8
2011-08-27,87,35,8
2011-08-28,87,35,8
2011-08-29,87,35,8
2011-08-30,87,35,8
2011-08-31,87,35,8
2011-09-01,87,35,8
2011-09-02,87,35,8
2011-09-03,88,36,9
2011-09-04,88,36,9
2011-09-05,88,36,9
2011-09-06,88,36,9
2011-09-07,88,36,9
2011-09-08,88,36,9
2011-09-09,88,36,9
2011-09-10,89,37,9
2011-09-11,89,37,9
2011-09-12,89,37,9
2011-09-13,89,37,9
2011-09-14,89,37,9
2011-09-15,89,37,9
2011-09-16,89,37,9
2011-09-17,90,38,9
2011-09-18,90,38,9
2011-09-19,90,38,9
2011-09-20,90,38,9
2011-09-21,90,38,9
2011-09-22,90,38,9
2011-09-23,90,38,9
2011-09-24,91,39,9
2011-09-25,91,39,9
2011-09-26,91,39,9
2011-09-27,91,39,9
2011-09-28,91,39,9
2011-09-29,91,39,9
2011-09-30,91,39,9
2011-10-01,92,40,10
2011-10-02,92,40,10
2011-10-03,92,40,10
2011-10-04,92,40,10
2011-10-05,92,40,10
2011-10-06,92,40,10
2011-10-07,92,40,10
2011-10-08,93,41,10
2011-10-09,93,41,10
2011-10-10,93,41,10
2011-10-11,93,41,10
2011-10-12,93,41,10
2011-10-13,93,41,10
2011-10-14,93,41,10
2011-10-15,94,42,10
2011-10-16,94,42,10
2011-10-17,94,42,10
2011-10-18,94,42,10
2011-10-19,94,42,10
2011-10-20,94,42,10
2011-10-21,94,42,10
2011-10-22,95,43,10
2011-10-23,95,43,10
2011-10-24,95,43,10
2011-10-25,95,43,10
2011-10-26,95,43,10
2011-10-27,95,43,10
2011-10-28,95,43,10
2011-10-29,96,44,11
2011-10-30,96,44,11
2011-10-31,96,44,11
2011-11-01,96,44,11
2011-11-02,96,44,11
2011-11-03,96,44,11
2011-11-04,96,44,11
2011-11-05,97,45,11
2011-11-06,97,45,11
2011-11-07,97,45,11
2011-11-08,97,45,11
2011-11-09,97,45,11
2011-11-10,97,45,11
2011-11-11,97,45,11
2011-11-12,98,46,11
2011-11-13,98,46,11
2011-11-14,98,46,11
2011-11-15,98,46,11
2011-11-16,98,46,11
2011-11-17,98,46,11
2011-11-18,98,46,11
2011-11-19,99,47,11
2011-11-20,99,47,11
2011-11-21,99,47,11
2011-11-22,99,47,11
2011-11-23,99,47,11
2011-11-24,99,47,11
2011-11-25,99,47,11
2011-11-26,100,48,11
2011-11-27,100,48,11
2011-11-28,100,48,11
2011-11-29,100,48,11
2011-11-30,100,48,11
2011-12-01,100,48,11
2011-12-02,100,48,11
2011-12-03,101,49,12
2011-12-04,101,49,12
2011-12-05,101,49,12
2011-12-06,101,49,12
2011-12-07,101,49,12
2011-12-08,101,49,12
2011-12-09,101,49,12
2011-12-10,102,50,12
2011-12-11,102,50,12
2011-12-12,102,50,12
2011-12-13,102,50,12
2011-12-14,102,50,12
2011-12-15,102,50,12
2011-12-16,102,50,12
2011-12-17,103,51,12
2011-12-18,103,51,12
2011-12-19,103,51,12
2011-12-20,103,51,12
2011-12-21,103,51,12
2011-12-22,103,51,12
2011-12-23,103,51,12
2011-12-24,104,52,12
2011-12-25,104,52,12
2011-12-26,104,52,12
2011-12-27,104,52,12
2011-12-28,104,52,12
2011-12-29,104,52,12
2011-12-30,104,52,12
2011-12-31,105,1,1
2012-01-01,105,1,1
2012-01-02,105,1,1
2012-01-03,105,1,1
2012-01-04,105,1,1
2012-01-05,105,1,1
2012-01-06,105,1,1
2012-01-07,106,2,1
2012-01-08,106,2,1
2012-01-09,106,2,1
2012-01-10,106,2,1
2012-01-11,106,2,1
2012-01-12,106,2,1
2012-01-13,106,2,1
2012-01-14,107,3,1
2012-01-15,107,3,1
2012-01-16,107,3,1
2012-01-17,107,3,1
2012-01-18,107,3,1
2012-01-19,107,3,1
2012-01-20,107,3,1
2012-01-21,108,4,1
2012-01-22,108,4,1
2012-01-23,108,4,1
2012-01-24,108,4,1
2012-01-25,108,4,1
2012-01-26,108,4,1
2012-01-27,108,4,1
2012-01-28,109,5,1
2012-01-29,109,5,1
2012-01-30,109,5,1
2012-01-31,109,5,1
2012-02-01,109,5,1
2012-02-02,109,5,1
2012-02-03,109,5,1
2012-02-04,110,6,2
2012-02-05,110,6,2
2012-02-06,110,6,2
2012-02-07,110,6,2
2012-02-08,110,6,2
2012-02-09,110,6,2
2012-02-10,110,6,2
2012-02-11,111,7,2
2012-02-12,111,7,2
2012-02-13,111,7,2
2012-02-14,111,7,2
2012-02-15,111,7,2
2012-02-16,111,7,2
2012-02-17,111,7,2
2012-02-18,112,8,2
2012-02-19,112,8,2
2012-02-20,112,8,2
2012-02-21,112,8,2
2012-02-22,112,8,2
2012-02-23,112,8,2
2012-02-24,112,8,2
2012-02-25,113,9,2
2012-02-26,113,9,2
2012-02-27,113,9,2
2012-02-28,113,9,2
2012-02-29,113,9,2
2012-03-01,113,9,2
2012-03-02,113,9,2
2012-03-03,114,10,3
2012-03-04,114,10,3
2012-03-05,114,10,3
2012-03-06,114,10,3
2012-03-07,114,10,3
2012-03-08,114,10,3
2012-03-09,114,10,3
2012-03-10,115,11,3
2012-03-11,115,11,3
2012-03-12,115,11,3
2012-03-13,115,11,3
2012-03-14,115,11,3
2012-03-15,115,11,3
2012-03-16,115,11,3
2012-03-17,116,12,3
2012-03-18,116,12,3
2012-03-19,116,12,3
2012-03-20,116,12,3
2012-03-21,116,12,3
2012-03-22,116,12,3
2012-03-23,116,12,3
2012-03-24,117,13,3
2012-03-25,117,13,3
2012-03-26,117,13,3
2012-03-27,117,13,3
2012-03-28,117,13,3
2012-03-29,117,13,3
2012-03-30,117,13,3
2012-03-31,118,14,4
2012-04-01,118,14,4
2012-04-02,118,14,4
2012-04-03,118,14,4
2012-04-04,118,14,4
2012-04-05,118,14,4
2012-04-06,118,14,4
2012-04-07,119,15,4
2012-04-08,119,15,4
2012-04-09,119,15,4
2012-04-10,119,15,4
2012-04-11,119,15,4
2012-04-12,119,15,4
2012-04-13,119,15,4
2012-04-14,120,16,4
2012-04-15,120,16,4
2012-04-16,120,16,4
2012-04-17,120,16,4
2012-04-18,120,16,4
2012-04-19,120,16,4
2012-04-20,120,16,4
2012-04-21,121,17,4
2012-04-22,121,17,4
2012-04-23,121,17,4
2012-04-24,121,17,4
2012-04-25,121,17,4
2012-04-26,121,17,4
2012-04-27,121,17,4
2012-04-28,122,18,5
2012-04-29,122,18,5
2012-04-30,122,18,5
2012-05-01,122,18,5
2012-05-02,122,18,5
2012-05-03,122,18,5
2012-05-04,122,18,5
2012-05-05,123,19,5
2012-05-06,123,19,5
2012-05-07,123,19,5
2012-05-08,123,19,5
2012-05-09,123,19,5
2012-05-10,123,19,5
2012-05-11,123,19,5
2012-05-12,124,20,5
2012-05-13,124,20,5
2012-05-14,124,20,5
2012-05-15,124,20,5
2012-05-16,124,20,5
2012-05-17,124,20,5
2012-05-18,124,20,5
2012-05-19,125,21,5
2012-05-20,125,21,5
2012-05-21,125,21,5
2012-05-22,125,21,5
2012-05-23,125,21,5
2012-05-24,125,21,5
2012-05-25,125,21,5
2012-05-26,126,22,5
2012-05-27,126,22,5
2012-05-28,126,22,5
2012-05-29,126,22,5
2012-05-30,126,22,5
2012-05-31,126,22,5
2012-06-01,126,22,5
2012-06-02,127,23,6
2012-06-03,127,23,6
2012-06-04,127,23,6
2012-06-05,127,23,6
2012-06-06,127,23,6
2012-06-07,127,23,6
2012-06-08,127,23,6
2012-06-09,128,24,6
2012-06-10,128,24,6
2012-06-11,128,24,6
2012-06-12,128,24,6
2012-06-13,128,24,6
2012-06-14,128,24,6
2012-06-15,128,24,6
2012-06-16,129,25,6
2012-06-17,129,25,6
2012-06-18,129,25,6
2012-06-19,129,25,6
2012-06-20,129,25,6
2012-06-21,129,25,6
2012-06-22,129,25,6
2012-06-23,130,26,6
2012-06-24,130,26,6
2012-06-25,130,26,6
2012-06-26,130,26,6
2012-06-27,130,26,6
2012-06-28,130,26,6
2012-06-29,130,26,6
2012-06-30,131,27,7
2012-07-01,131,27,7
2012-07-02,131,27,7
2012-07-03,131,27,7
2012-07-04,131,27,7
2012-07-05,131,27,7
2012-07-06,131,27,7
2012-07-07,132,28,7
2012-07-08,132,28,7
2012-07-09,132,28,7
2012-07-10,132,28,7
2012-07-11,132,28,7
2012-07-12,132,28,7
2012-07-13,132,28,7
2012-07-14,133,29,7
2012-07-15,133,29,7
2012-07-16,133,29,7
2012-07-17,133,29,7
2012-07-18,133,29,7
2012-07-19,133,29,7
2012-07-20,133,29,7
2012-07-21,134,30,7
2012-07-22,134,30,7
2012-07-23,134,30,7
2012-07-24,134,30,7
2012-07-25,134,30,7
2012-07-26,134,30,7
2012-07-27,134,30,7
2012-07-28,135,31,7
2012-07-29,135,31,7
2012-07-30,135,31,7
2012-07-31,135,31,7
2012-08-01,135,31,7
2012-08-02,135,31,7
2012-08-03,135,31,7
2012-08-04,136,32,8
2012-08-05,136,32,8
2012-08-06,136,32,8
2012-08-07,136,32,8
2012-08-08,136,32,8
2012-08-09,136,32,8
2012-08-10,136,32,8
2012-08-11,137,33,8
2012-08-12,137,33,8
2012-08-13,137,33,8
2012-08-14,137,33,8
2012-08-15,137,33,8
2012-08-16,137,33,8
2012-08-17,137,33,8
2012-08-18,138,34,8
2012-08-19,138,34,8
2012-08-20,138,34,8
2012-08-21,138,34,8
2012-08-22,138,34,8
2012-08-23,138,34,8
2012-08-24,138,34,8
2012-08-25,139,35,8
2012-08-26,139,35,8
2012-08-27,139,35,8
2012-08-28,139,35,8
2012-08-29,139,35,8
2012-08-30,139,35,8
2012-08-31,139,35,8
2012-09-01,140,36,9
2012-09-02,140,36,9
2012-09-03,140,36,9
2012-09-04,140,36,9
2012-09-05,140,36,9
2012-09-06,140,36,9
2012-09-07,140,36,9
2012-09-08,141,37,9
2012-09-09,141,37,9
2012-09-10,141,37,9
2012-09-11,141,37,9
2012-09-12,141,37,9
2012-09-13,141,37,9
2012-09-14,141,37,9
2012-09-15,142,38,9
2012-09-16,142,38,9
2012-09-17,142,38,9
2012-09-18,142,38,9
2012-09-19,142,38,9
2012-09-20,142,38,9
2012-09-21,142,38,9
2012-09-22,143,39,9
2012-09-23,143,39,9
2012-09-24,143,39,9
2012-09-25,143,39,9
2012-09-26,143,39,9
2012-09-27,143,39,9
2012-09-28,143,39,9
2012-09-29,144,40,10
2012-09-30,144,40,10
2012-10-01,144,40,10
2012-10-02,144,40,10
2012-10-03,144,40,10
2012-10-04,144,40,10
2012-10-05,144,40,10
2012-10-06,145,41,10
2012-10-07,145,41,10
2012-10-08,145,41,10
2012-10-09,145,41,10
2012-10-10,145,41,10
2012-10-11,145,41,10
2012-10-12,145,41,10
2012-10-13,146,42,10
2012-10-14,146,42,10
2012-10-15,146,42,10
2012-10-16,146,42,10
2012-10-17,146,42,10
2012-10-18,146,42,10
2012-10-19,146,42,10
2012-10-20,147,43,10
2012-10-21,147,43,10
2012-10-22,147,43,10
2012-10-23,147,43,10
2012-10-24,147,43,10
2012-10-25,147,43,10
2012-10-26,147,43,10
2012-10-27,148,44,10
2012-10-28,148,44,10
2012-10-29,148,44,10
2012-10-30,148,44,10
2012-10-31,148,44,10
2012-11-01,148,44,10
2012-11-02,148,44,10
2012-11-03,149,45,11
2012-11-04,149,45,11
2012-11-05,149,45,11
2012-11-06,149,45,11
2012-11-07,149,45,11
2012-11-08,149,45,11
2012-11-09,149,45,11
2012-11-10,150,46,11
2012-11-11,150,46,11
2012-11-12,150,46,11
2012-11-13,150,46,11
2012-11-14,150,46,11
2012-11-15,150,46,11
2012-11-16,150,46,11
2012-11-17,151,47,11
2012-11-18,151,47,11
2012-11-19,151,47,11
2012-11-20,151,47,11
2012-11-21,151,47,11
2012-11-22,151,47,11
2012-11-23,151,47,11
2012-11-24,152,48,11
2012-11-25,152,48,11
2012-11-26,152,48,11
2012-11-27,152,48,11
2012-11-28,152,48,11
2012-11-29,152,48,11
2012-11-30,152,48,11
2012-12-01,153,49,12
2012-12-02,153,49,12
2012-12-03,153,49,12
2012-12-04,153,49,12
2012-12-05,153,49,12
2012-12-06,153,49,12
2012-12-07,153,49,12
2012-12-08,154,50,12
2012-12-09,154,50,12
2012-12-10,154,50,12
2012-12-11,154,50,12
2012-12-12,154,50,12
2012-12-13,154,50,12
2012-12-14,154,50,12
2012-12-15,155,51,12
2012-12-16,155,51,12
2012-12-17,155,51,12
2012-12-18,155,51,12
2012-12-19,155,51,12
2012-12-20,155,51,12
2012-12-21,155,51,12
2012-12-22,156,52,12
2012-12-23,156,52,12
2012-12-24,156,52,12
2012-12-25,156,52,12
2012-12-26,156,52,12
2012-12-27,156,52,12
2012-12-28,156,52,12
2012-12-29,157,1,1
2012-12-30,157,1,1
2012-12-31,157,1,1
2013-01-01,157,1,1
2013-01-02,157,1,1
2013-01-03,157,1,1
2013-01-04,157,1,1
2013-01-05,158,2,1
2013-01-06,158,2,1
2013-01-07,158,2,1
2013-01-08,158,2,1
2013-01-09,158,2,1
2013-01-10,158,2,1
2013-01-11,158,2,1
2013-01-12,159,3,1
2013-01-13,159,3,1
2013-01-14,159,3,1
2013-01-15,159,3,1
2013-01-16,159,3,1
2013-01-17,159,3,1
2013-01-18,159,3,1
2013-01-19,160,4,1
2013-01-20,160,4,1
2013-01-21,160,4,1
2013-01-22,160,4,1
2013-01-23,160,4,1
2013-01-24,160,4,1
2013-01-25,160,4,1
2013-01-26,161,5,1
2013-01-27,161,5,1
2013-01-28,161,5,1
2013-01-29,161,5,1
2013-01-30,161,5,1
2013-01-31,161,5,1
2013-02-01,161,5,1
2013-02-02,162,6,2
2013-02-03,162,6,2
2013-02-04,162,6,2
2013-02-05,162,6,2
2013-02-06,162,6,2
2013-02-07,162,6,2
2013-02-08,162,6,2
2013-02-09,163,7,2
2013-02-10,163,7,2
2013-02-11,163,7,2
2013-02-12,163,7,2
2013-02-13,163,7,2
2013-02-14,163,7,2
2013-02-15,163,7,2
2013-02-16,164,8,2
2013-02-17,164,8,2
2013-02-18,164,8,2
2013-02-19,164,8,2
2013-02-20,164,8,2
2013-02-21,164,8,2
2013-02-22,164,8,2
2013-02-23,165,9,2
2013-02-24,165,9,2
2013-02-25,165,9,2
2013-02-26,165,9,2
2013-02-27,165,9,2
2013-02-28,165,9,2
2013-03-01,165,9,2
2013-03-02,166,10,3
2013-03-03,166,10,3
2013-03-04,166,10,3
2013-03-05,166,10,3
2013-03-06,166,10,3
2013-03-07,166,10,3
2013-03-08,166,10,3
2013-03-09,167,11,3
2013-03-10,167,11,3
2013-03-11,167,11,3
2013-03-12,167,11,3
2013-03-13,167,11,3
2013-03-14,167,11,3
2013-03-15,167,11,3
2013-03-16,168,12,3
2013-03-17,168,12,3
2013-03-18,168,12,3
2013-03-19,168,12,3
2013-03-20,168,12,3
2013-03-21,168,12,3
2013-03-22,168,12,3
2013-03-23,169,13,3
2013-03-24,169,13,3
2013-03-25,169,13,3
2013-03-26,169,13,3
2013-03-27,169,13,3
2013-03-28,169,13,3
2013-03-29,169,13,3
2013-03-30,170,14,4
2013-03-31,170,14,4
2013-04-01,170,14,4
2013-04-02,170,14,4
2013-04-03,170,14,4
2013-04-04,170,14,4
2013-04-05,170,14,4
2013-04-06,171,15,4
2013-04-07,171,15,4
2013-04-08,171,15,4
2013-04-09,171,15,4
2013-04-10,171,15,4
2013-04-11,171,15,4
2013-04-12,171,15,4
2013-04-13,172,16,4
2013-04-14,172,16,4
2013-04-15,172,16,4
2013-04-16,172,16,4
2013-04-17,172,16,4
2013-04-18,172,16,4
2013-04-19,172,16,4
2013-04-20,173,17,4
2013-04-21,173,17,4
2013-04-22,173,17,4
2013-04-23,173,17,4
2013-04-24,173,17,4
2013-04-25,173,17,4
2013-04-26,173,17,4
2013-04-27,174,18,4
2013-04-28,174,18,4
2013-04-29,174,18,4
2013-04-30,174,18,4
2013-05-01,174,18,4
2013-05-02,174,18,4
2013-05-03,174,18,4
2013-05-04,175,19,5
2013-05-05,175,19,5
2013-05-06,175,19,5
2013-05-07,175,19,5
2013-05-08,175,19,5
2013-05-09,175,19,5
2013-05-10,175,19,5
2013-05-11,176,20,5
2013-05-12,176,20,5
2013-05-13,176,20,5
2013-05-14,176,20,5
2013-05-15,176,20,5
2013-05-16,176,20,5
2013-05-17,176,20,5
2013-05-18,177,21,5
2013-05-19,177,21,5
2013-05-20,177,21,5
2013-05-21,177,21,5
2013-05-22,177,21,5
2013-05-23,177,21,5
2013-05-24,177,21,5
2013-05-25,178,22,5
2013-05-26,178,22,5
2013-05-27,178,22,5
2013-05-28,178,22,5
2013-05-29,178,22,5
2013-05-30,178,22,5
2013-05-31,178,22,5
2013-06-01,179,23,6
2013-06-02,179,23,6
2013-06-03,179,23,6
2013-06-04,179,23,6
2013-06-05,179,23,6
2013-06-06,179,23,6
2013-06-07,179,23,6
2013-06-08,180,24,6
2013-06-09,180,24,6
2013-06-10,180,24,6
2013-06-11,180,24,6
2013-06-12,180,24,6
2013-06-13,180,24,6
2013-06-14,180,24,6
2013-06-15,181,25,6
2013-06-16,181,25,6
2013-06-17,181,25,6
2013-06-18,181,25,6
2013-06-19,181,25,6
2013-06-20,181,25,6
2013-06-21,181,25,6
2013-06-22,182,26,6
2013-06-23,182,26,6
2013-06-24,182,26,6
2013-06-25,182,26,6
2013-06-26,182,26,6
2013-06-27,182,26,6
2013-06-28,182,26,6
2013-06-29,183,27,7
2013-06-30,183,27,7
2013-07-01,183,27,7
2013-07-02,183,27,7
2013-07-03,183,27,7
2013-07-04,183,27,7
2013-07-05,183,27,7
2013-07-06,184,28,7
2013-07-07,184,28,7
2013-07-08,184,28,7
2013-07-09,184,28,7
2013-07-10,184,28,7
2013-07-11,184,28,7
2013-07-12,184,28,7
2013-07-13,185,29,7
2013-07-14,185,29,7
2013-07-15,185,29,7
2013-07-16,185,29,7
2013-07-17,185,29,7
2013-07-18,185,29,7
2013-07-19,185,29,7
2013-07-20,186,30,7
2013-07-21,186,30,7
2013-07-22,186,30,7
2013-07-23,186,30,7
2013-07-24,186,30,7
2013-07-25,186,30,7
2013-07-26,186,30,7
2013-07-27,187,31,7
2013-07-28,187,31,7
2013-07-29,187,31,7
2013-07-30,187,31,7
2013-07-31,187,31,7
2013-08-01,187,31,7
2013-08-02,187,31,7
2013-08-03,188,32,8
2013-08-04,188,32,8
2013-08-05,188,32,8
2013-08-06,188,32,8
2013-08-07,188,32,8
2013-08-08,188,32,8
2013-08-09,188,32,8
2013-08-10,189,33,8
2013-08-11,189,33,8
2013-08-12,189,33,8
2013-08-13,189,33,8
2013-08-14,189,33,8
2013-08-15,189,33,8
2013-08-16,189,33,8
2013-08-17,190,34,8
2013-08-18,190,34,8
2013-08-19,190,34,8
2013-08-20,190,34,8
2013-08-21,190,34,8
2013-08-22,190,34,8
2013-08-23,190,34,8
2013-08-24,191,35,8
2013-08-25,191,35,8
2013-08-26,191,35,8
2013-08-27,191,35,8
2013-08-28,191,35,8
2013-08-29,191,35,8
2013-08-30,191,35,8
2013-08-31,192,36,9
2013-09-01,192,36,9
2013-09-02,192,36,9
2013-09-03,192,36,9
2013-09-04,192,36,9
2013-09-05,192,36,9
2013-09-06,192,36,9
2013-09-07,193,37,9
2013-09-08,193,37,9
2013-09-09,193,37,9
2013-09-10,193,37,9
2013-09-11,193,37,9
2013-09-12,193,37,9
2013-09-13,193,37,9
2013-09-14,194,38,9
2013-09-15,194,38,9
2013-09-16,194,38,9
2013-09-17,194,38,9
2013-09-18,194,38,9
2013-09-19,194,38,9
2013-09-20,194,38,9
2013-09-21,195,39,9
2013-09-22,195,39,9
2013-09-23,195,39,9
2013-09-24,195,39,9
2013-09-25,195,39,9
2013-09-26,195,39,9
2013-09-27,195,39,9
2013-09-28,196,40,10
2013-09-29,196,40,10
2013-09-30,196,40,10
2013-10-01,196,40,10
2013-10-02,196,40,10
2013-10-03,196,40,10
2013-10-04,196,40,10
2013-10-05,197,41,10
2013-10-06,197,41,10
2013-10-07,197,41,10
2013-10-08,197,41,10
2013-10-09,197,41,10
2013-10-10,197,41,10
2013-10-11,197,41,10
2013-10-12,198,42,10
2013-10-13,198,42,10
2013-10-14,198,42,10
2013-10-15,198,42,10
2013-10-16,198,42,10
2013-10-17,198,42,10
2013-10-18,198,42,10
2013-10-19,199,43,10
2013-10-20,199,43,10
2013-10-21,199,43,10
2013-10-22,199,43,10
2013-10-23,199,43,10
2013-10-24,199,43,10
2013-10-25,199,43,10
2013-10-26,200,44,10
2013-10-27,200,44,10
2013-10-28,200,44,10
2013-10-29,200,44,10
2013-10-30,200,44,10
2013-10-31,200,44,10
2013-11-01,200,44,10
2013-11-02,201,45,11
2013-11-03,201,45,11
2013-11-04,201,45,11
2013-11-05,201,45,11
2013-11-06,201,45,11
2013-11-07,201,45,11
2013-11-08,201,45,11
2013-11-09,202,46,11
2013-11-10,202,46,11
2013-11-11,202,46,11
2013-11-12,202,46,11
2013-11-13,202,46,11
2013-11-14,202,46,11
2013-11-15,202,46,11
2013-11-16,203,47,11
2013-11-17,203,47,11
2013-11-18,203,47,11
2013-11-19,203,47,11
2013-11-20,203,47,11
2013-11-21,203,47,11
2013-11-22,203,47,11
2013-11-23,204,48,11
2013-11-24,204,48,11
2013-11-25,204,48,11
2013-11-26,204,48,11
2013-11-27,204,48,11
2013-11-28,204,48,11
2013-11-29,204,48,11
2013-11-30,205,49,12
2013-12-01,205,49,12
2013-12-02,205,49,12
2013-12-03,205,49,12
2013-12-04,205,49,12
2013-12-05,205,49,12
2013-12-06,205,49,12
2013-12-07,206,50,12
2013-12-08,206,50,12
2013-12-09,206,50,12
2013-12-10,206,50,12
2013-12-11,206,50,12
2013-12-12,206,50,12
2013-12-13,206,50,12
2013-12-14,207,51,12
2013-12-15,207,51,12
2013-12-16,207,51,12
2013-12-17,207,51,12
2013-12-18,207,51,12
2013-12-19,207,51,12
2013-12-20,207,51,12
2013-12-21,208,52,12
2013-12-22,208,52,12
2013-12-23,208,52,12
2013-12-24,208,52,12
2013-12-25,208,52,12
2013-12-26,208,52,12
2013-12-27,208,52,12
2013-12-28,209,52,12
2013-12-29,209,52,12
2013-12-30,209,52,12
2013-12-31,209,52,12
2014-01-01,209,52,12
2014-01-02,209,52,12
2014-01-03,209,52,12
2014-01-04,210,1,1
2014-01-05,210,1,1
2014-01-06,210,1,1
2014-01-07,210,1,1
2014-01-08,210,1,1
2014-01-09,210,1,1
2014-01-10,210,1,1
2014-01-11,211,2,1
2014-01-12,211,2,1
2014-01-13,211,2,1
2014-01-14,211,2,1
2014-01-15,211,2,1
2014-01-16,211,2,1
2014-01-17,211,2,1
2014-01-18,212,3,1
2014-01-19,212,3,1
2014-01-20,212,3,1
2014-01-21,212,3,1
2014-01-22,212,3,1
2014-01-23,212,3,1
2014-01-24,212,3,1
2014-01-25,213,4,1
2014-01-26,213,4,1
2014-01-27,213,4,1
2014-01-28,213,4,1
2014-01-29,213,4,1
2014-01-30,213,4,1
2014-01-31,213,4,1
2014-02-01,214,5,2
2014-02-02,214,5,2
2014-02-03,214,5,2
2014-02-04,214,5,2
2014-02-05,214,5,2
2014-02-06,214,5,2
2014-02-07,214,5,2
2014-02-08,215,6,2
2014-02-09,215,6,2
2014-02-10,215,6,2
2014-02-11,215,6,2
2014-02-12,215,6,2
2014-02-13,215,6,2
2014-02-14,215,6,2
2014-02-15,216,7,2
2014-02-16,216,7,2
2014-02-17,216,7,2
2014-02-18,216,7,2
2014-02-19,216,7,2
2014-02-20,216,7,2
2014-02-21,216,7,2
2014-02-22,217,8,2
2014-02-23,217,8,2
2014-02-24,217,8,2
2014-02-25,217,8,2
2014-02-26,217,8,2
2014-02-27,217,8,2
2014-02-28,217,8,2
2014-03-01,218,9,3
2014-03-02,218,9,3
2014-03-03,218,9,3
2014-03-04,218,9,3
2014-03-05,218,9,3
2014-03-06,218,9,3
2014-03-07,218,9,3
2014-03-08,219,10,3
2014-03-09,219,10,3
2014-03-10,219,10,3
2014-03-11,219,10,3
2014-03-12,219,10,3
2014-03-13,219,10,3
2014-03-14,219,10,3
2014-03-15,220,11,3
2014-03-16,220,11,3
2014-03-17,220,11,3
2014-03-18,220,11,3
2014-03-19,220,11,3
2014-03-20,220,11,3
2014-03-21,220,11,3
2014-03-22,221,12,3
2014-03-23,221,12,3
2014-03-24,221,12,3
2014-03-25,221,12,3
2014-03-26,221,12,3
2014-03-27,221,12,3
2014-03-28,221,12,3
2014-03-29,222,13,4
2014-03-30,222,13,4
2014-03-31,222,13,4
2014-04-01,222,13,4
2014-04-02,222,13,4
2014-04-03,222,13,4
2014-04-04,222,13,4
2014-04-05,223,14,4
2014-04-06,223,14,4
2014-04-07,223,14,4
2014-04-08,223,14,4
2014-04-09,223,14,4
2014-04-10,223,14,4
2014-04-11,223,14,4
2014-04-12,224,15,4
2014-04-13,224,15,4
2014-04-14,224,15,4
2014-04-15,224,15,4
2014-04-16,224,15,4
2014-04-17,224,15,4
2014-04-18,224,15,4
2014-04-19,225,16,4
2014-04-20,225,16,4
2014-04-21,225,16,4
2014-04-22,225,16,4
2014-04-23,225,16,4
2014-04-24,225,16,4
2014-04-25,225,16,4
2014-04-26,226,17,4
2014-04-27,226,17,4
2014-04-28,226,17,4
2014-04-29,226,17,4
2014-04-30,226,17,4
2014-05-01,226,17,4
2014-05-02,226,17,4
2014-05-03,227,18,5
2014-05-04,227,18,5
2014-05-05,227,18,5
2014-05-06,227,18,5
2014-05-07,227,18,5
2014-05-08,227,18,5
2014-05-09,227,18,5
2014-05-10,228,19,5
2014-05-11,228,19,5
2014-05-12,228,19,5
2014-05-13,228,19,5
2014-05-14,228,19,5
2014-05-15,228,19,5
2014-05-16,228,19,5
2014-05-17,229,20,5
2014-05-18,229,20,5
2014-05-19,229,20,5
2014-05-20,229,20,5
2014-05-21,229,20,5
2014-05-22,229,20,5
2014-05-23,229,20,5
2014-05-24,230,21,5
2014-05-25,230,21,5
2014-05-26,230,21,5
2014-05-27,230,21,5
2014-05-28,230,21,5
2014-05-29,230,21,5
2014-05-30,230,21,5
2014-05-31,231,22,6
2014-06-01,231,22,6
2014-06-02,231,22,6
2014-06-03,231,22,6
2014-06-04,231,22,6
2014-06-05,231,22,6
2014-06-06,231,22,6
2014-06-07,232,23,6
2014-06-08,232,23,6
2014-06-09,232,23,6
2014-06-10,232,23,6
2014-06-11,232,23,6
2014-06-12,232,23,6
2014-06-13,232,23,6
2014-06-14,233,24,6
2014-06-15,233,24,6
2014-06-16,233,24,6
2014-06-17,233,24,6
2014-06-18,233,24,6
2014-06-19,233,24,6
2014-06-20,233,24,6
2014-06-21,234,25,6
2014-06-22,234,25,6
2014-06-23,234,25,6
2014-06-24,234,25,6
2014-06-25,234,25,6
2014-06-26,234,25,6
2014-06-27,234,25,6
2014-06-28,235,26,7
2014-06-29,235,26,7
2014-06-30,235,26,7
2014-07-01,235,26,7
2014-07-02,235,26,7
2014-07-03,235,26,7
2014-07-04,235,26,7
2014-07-05,236,27,7
2014-07-06,236,27,7
2014-07-07,236,27,7
2014-07-08,236,27,7
2014-07-09,236,27,7
2014-07-10,236,27,7
2014-07-11,236,27,7
2014-07-12,237,28,7
2014-07-13,237,28,7
2014-07-14,237,28,7
2014-07-15,237,28,7
2014-07-16,237,28,7
2014-07-17,237,28,7
2014-07-18,237,28,7
2014-07-19,238,29,7
2014-07-20,238,29,7
2014-07-21,238,29,7
2014-07-22,238,29,7
2014-07-23,238,29,7
2014-07-24,238,29,7
2014-07-25,238,29,7
2014-07-26,239,30,7
2014-07-27,239,30,7
2014-07-28,239,30,7
2014-07-29,239,30,7
2014-07-30,239,30,7
2014-07-31,239,30,7
2014-08-01,239,30,7
2014-08-02,240,31,8
2014-08-03,240,31,8
2014-08-04,240,31,8
2014-08-05,240,31,8
2014-08-06,240,31,8
2014-08-07,240,31,8
2014-08-08,240,31,8
2014-08-09,241,32,8
2014-08-10,241,32,8
2014-08-11,241,32,8
2014-08-12,241,32,8
2014-08-13,241,32,8
2014-08-14,241,32,8
2014-08-15,241,32,8
2014-08-16,242,33,8
2014-08-17,242,33,8
2014-08-18,242,33,8
2014-08-19,242,33,8
2014-08-20,242,33,8
2014-08-21,242,33,8
2014-08-22,242,33,8
2014-08-23,243,34,8
2014-08-24,243,34,8
2014-08-25,243,34,8
2014-08-26,243,34,8
2014-08-27,243,34,8
2014-08-28,243,34,8
2014-08-29,243,34,8
2014-08-30,244,35,9
2014-08-31,244,35,9
2014-09-01,244,35,9
2014-09-02,244,35,9
2014-09-03,244,35,9
2014-09-04,244,35,9
2014-09-05,244,35,9
2014-09-06,245,36,9
2014-09-07,245,36,9
2014-09-08,245,36,9
2014-09-09,245,36,9
2014-09-10,245,36,9
2014-09-11,245,36,9
2014-09-12,245,36,9
2014-09-13,246,37,9
2014-09-14,246,37,9
2014-09-15,246,37,9
2014-09-16,246,37,9
2014-09-17,246,37,9
2014-09-18,246,37,9
2014-09-19,246,37,9
2014-09-20,247,38,9
2014-09-21,247,38,9
2014-09-22,247,38,9
2014-09-23,247,38,9
2014-09-24,247,38,9
2014-09-25,247,38,9
2014-09-26,247,38,9
2014-09-27,248,39,9
2014-09-28,248,39,9
2014-09-29,248,39,9
2014-09-30,248,39,9
2014-10-01,248,39,9
2014-10-02,248,39,9
2014-10-03,248,39,9
2014-10-04,249,40,10
2014-10-05,249,40,10
2014-10-06,249,40,10
2014-10-07,249,40,10
2014-10-08,249,40,10
2014-10-09,249,40,10
2014-10-10,249,40,10
2014-10-11,250,41,10
2014-10-12,250,41,10
2014-10-13,250,41,10
2014-10-14,250,41,10
2014-10-15,250,41,10
2014-10-16,250,41,10
2014-10-17,250,41,10
2014-10-18,251,42,10
2014-10-19,251,42,10
2014-10-20,251,42,10
2014-10-21,251,42,10
2014-10-22,251,42,10
2014-10-23,251,42,10
2014-10-24,251,42,10
2014-10-25,252,43,10
2014-10-26,252,43,10
2014-10-27,252,43,10
2014-10-28,252,43,10
2014-10-29,252,43,10
2014-10-30,252,43,10
2014-10-31,252,43,10
2014-11-01,253,44,11
2014-11-02,253,44,11
2014-11-03,253,44,11
2014-11-04,253,44,11
2014-11-05,253,44,11
2014-11-06,253,44,11
2014-11-07,253,44,11
2014-11-08,254,45,11
2014-11-09,254,45,11
2014-11-10,254,45,11
2014-11-11,254,45,11
2014-11-12,254,45,11
2014-11-13,254,45,11
2014-11-14,254,45,11
2014-11-15,255,46,11
2014-11-16,255,46,11
2014-11-17,255,46,11
2014-11-18,255,46,11
2014-11-19,255,46,11
2014-11-20,255,46,11
2014-11-21,255,46,11
2014-11-22,256,47,11
2014-11-23,256,47,11
2014-11-24,256,47,11
2014-11-25,256,47,11
2014-11-26,256,47,11
2014-11-27,256,47,11
2014-11-28,256,47,11
2014-11-29,257,48,12
2014-11-30,257,48,12
2014-12-01,257,48,12
2014-12-02,257,48,12
2014-12-03,257,48,12
2014-12-04,257,48,12
2014-12-05,257,48,12
2014-12-06,258,49,12
2014-12-07,258,49,12
2014-12-08,258,49,12
2014-12-09,258,49,12
2014-12-10,258,49,12
2014-12-11,258,49,12
2014-12-12,258,49,12
2014-12-13,259,50,12
2014-12-14,259,50,12
2014-12-15,259,50,12
2014-12-16,259,50,12
2014-12-17,259,50,12
2014-12-18,259,50,12
2014-12-19,259,50,12
2014-12-20,260,51,12
2014-12-21,260,51,12
2014-12-22,260,51,12
2014-12-23,260,51,12
2014-12-24,260,51,12
2014-12-25,260,51,12
2014-12-26,260,51,12
2014-12-27,261,52,12
2014-12-28,261,52,12
2014-12-29,261,52,12
2014-12-30,261,52,12
2014-12-31,261,52,12
2015-01-01,261,52,12
2015-01-02,261,52,12
2015-01-03,262,1,1
2015-01-04,262,1,1
2015-01-05,262,1,1
2015-01-06,262,1,1
2015-01-07,262,1,1
2015-01-08,262,1,1
2015-01-09,262,1,1
2015-01-10,263,2,1
2015-01-11,263,2,1
2015-01-12,263,2,1
2015-01-13,263,2,1
2015-01-14,263,2,1
2015-01-15,263,2,1
2015-01-16,263,2,1
2015-01-17,264,3,1
2015-01-18,264,3,1
2015-01-19,264,3,1
2015-01-20,264,3,1
2015-01-21,264,3,1
2015-01-22,264,3,1
2015-01-23,264,3,1
2015-01-24,265,4,1
2015-01-25,265,4,1
2015-01-26,265,4,1
2015-01-27,265,4,1
2015-01-28,265,4,1
2015-01-29,265,4,1
2015-01-30,265,4,1
2015-01-31,266,5,2
2015-02-01,266,5,2
2015-02-02,266,5,2
2015-02-03,266,5,2
2015-02-04,266,5,2
2015-02-05,266,5,2
2015-02-06,266,5,2
2015-02-07,267,6,2
2015-02-08,267,6,2
2015-02-09,267,6,2
2015-02-10,267,6,2
2015-02-11,267,6,2
2015-02-12,267,6,2
2015-02-13,267,6,2
2015-02-14,268,7,2
2015-02-15,268,7,2
2015-02-16,268,7,2
2015-02-17,268,7,2
2015-02-18,268,7,2
2015-02-19,268,7,2
2015-02-20,268,7,2
2015-02-21,269,8,2
2015-02-22,269,8,2
2015-02-23,269,8,2
2015-02-24,269,8,2
2015-02-25,269,8,2
2015-02-26,269,8,2
2015-02-27,269,8,2
2015-02-28,270,9,3
2015-03-01,270,9,3
2015-03-02,270,9,3
2015-03-03,270,9,3
2015-03-04,270,9,3
2015-03-05,270,9,3
2015-03-06,270,9,3
2015-03-07,271,10,3
2015-03-08,271,10,3
2015-03-09,271,10,3
2015-03-10,271,10,3
2015-03-11,271,10,3
2015-03-12,271,10,3
2015-03-13,271,10,3
2015-03-14,272,11,3
2015-03-15,272,11,3
2015-03-16,272,11,3
2015-03-17,272,11,3
2015-03-18,272,11,3
2015-03-19,272,11,3
2015-03-20,272,11,3
2015-03-21,273,12,3
2015-03-22,273,12,3
2015-03-23,273,12,3
2015-03-24,273,12,3
2015-03-25,273,12,3
2015-03-26,273,12,3
2015-03-27,273,12,3
2015-03-28,274,13,3
2015-03-29,274,13,3
2015-03-30,274,13,3
2015-03-31,274,13,3
2015-04-01,274,13,3
2015-04-02,274,13,3
2015-04-03,274,13,3
2015-04-04,275,14,4
2015-04-05,275,14,4
2015-04-06,275,14,4
2015-04-07,275,14,4
2015-04-08,275,14,4
2015-04-09,275,14,4
2015-04-10,275,14,4
2015-04-11,276,15,4
2015-04-12,276,15,4
2015-04-13,276,15,4
2015-04-14,276,15,4
2015-04-15,276,15,4
2015-04-16,276,15,4
2015-04-17,276,15,4
2015-04-18,277,16,4
2015-04-19,277,16,4
2015-04-20,277,16,4
2015-04-21,277,16,4
2015-04-22,277,16,4
2015-04-23,277,16,4
2015-04-24,277,16,4
2015-04-25,278,17,4
2015-04-26,278,17,4
2015-04-27,278,17,4
2015-04-28,278,17,4
2015-04-29,278,17,4
2015-04-30,278,17,4
2015-05-01,278,17,4
2015-05-02,279,18,5
2015-05-03,279,18,5
2015-05-04,279,18,5
2015-05-05,279,18,5
2015-05-06,279,18,5
2015-05-07,279,18,5
2015-05-08,279,18,5
2015-05-09,280,19,5
2015-05-10,280,19,5
2015-05-11,280,19,5
2015-05-12,280,19,5
2015-05-13,280,19,5
2015-05-14,280,19,5
2015-05-15,280,19,5
2015-05-16,281,20,5
2015-05-17,281,20,5
2015-05-18,281,20,5
2015-05-19,281,20,5
2015-05-20,281,20,5
2015-05-21,281,20,5
2015-05-22,281,20,5
2015-05-23,282,21,5
2015-05-24,282,21,5
2015-05-25,282,21,5
2015-05-26,282,21,5
2015-05-27,282,21,5
2015-05-28,282,21,5
2015-05-29,282,21,5
2015-05-30,283,22,6
2015-05-31,283,22,6
2015-06-01,283,22,6
2015-06-02,283,22,6
2015-06-03,283,22,6
2015-06-04,283,22,6
2015-06-05,283,22,6
2015-06-06,284,23,6
2015-06-07,284,23,6
2015-06-08,284,23,6
2015-06-09,284,23,6
2015-06-10,284,23,6
2015-06-11,284,23,6
2015-06-12,284,23,6
2015-06-13,285,24,6
2015-06-14,285,24,6
2015-06-15,285,24,6
2015-06-16,285,24,6
2015-06-17,285,24,6
2015-06-18,285,24,6
2015-06-19,285,24,6
2015-06-20,286,25,6
2015-06-21,286,25,6
2015-06-22,286,25,6
2015-06-23,286,25,6
2015-06-24,286,25,6
2015-06-25,286,25,6
2015-06-26,286,25,6
2015-06-27,287,26,6
2015-06-28,287,26,6
2015-06-29,287,26,6
2015-06-30,287,26,6
2015-07-01,287,26,6
2015-07-02,287,26,6
2015-07-03,287,26,6
2015-07-04,288,27,7
2015-07-05,288,27,7
2015-07-06,288,27,7
2015-07-07,288,27,7
2015-07-08,288,27,7
2015-07-09,288,27,7
2015-07-10,288,27,7
2015-07-11,289,28,7
2015-07-12,289,28,7
2015-07-13,289,28,7
2015-07-14,289,28,7
2015-07-15,289,28,7
2015-07-16,289,28,7
2015-07-17,289,28,7
2015-07-18,290,29,7
2015-07-19,290,29,7
2015-07-20,290,29,7
2015-07-21,290,29,7
2015-07-22,290,29,7
2015-07-23,290,29,7
2015-07-24,290,29,7
2015-07-25,291,30,7
2015-07-26,291,30,7
2015-07-27,291,30,7
2015-07-28,291,30,7
2015-07-29,291,30,7
2015-07-30,291,30,7
2015-07-31,291,30,7
2015-08-01,292,31,8
2015-08-02,292,31,8
2015-08-03,292,31,8
2015-08-04,292,31,8
2015-08-05,292,31,8
2015-08-06,292,31,8
2015-08-07,292,31,8
2015-08-08,293,32,8
2015-08-09,293,32,8
2015-08-10,293,32,8
2015-08-11,293,32,8
2015-08-12,293,32,8
2015-08-13,293,32,8
2015-08-14,293,32,8
2015-08-15,294,33,8
2015-08-16,294,33,8
2015-08-17,294,33,8
2015-08-18,294,33,8
2015-08-19,294,33,8
2015-08-20,294,33,8
2015-08-21,294,33,8
2015-08-22,295,34,8
2015-08-23,295,34,8
2015-08-24,295,34,8
2015-08-25,295,34,8
2015-08-26,295,34,8
2015-08-27,295,34,8
2015-08-28,295,34,8
2015-08-29,296,35,9
2015-08-30,296,35,9
2015-08-31,296,35,9
2015-09-01,296,35,9
2015-09-02,296,35,9
2015-09-03,296,35,9
2015-09-04,296,35,9
2015-09-05,297,36,9
2015-09-06,297,36,9
2015-09-07,297,36,9
2015-09-08,297,36,9
2015-09-09,297,36,9
2015-09-10,297,36,9
2015-09-11,297,36,9
2015-09-12,298,37,9
2015-09-13,298,37,9
2015-09-14,298,37,9
2015-09-15,298,37,9
2015-09-16,298,37,9
2015-09-17,298,37,9
2015-09-18,298,37,9
2015-09-19,299,38,9
2015-09-20,299,38,9
2015-09-21,299,38,9
2015-09-22,299,38,9
2015-09-23,299,38,9
2015-09-24,299,38,9
2015-09-25,299,38,9
2015-09-26,300,39,9
2015-09-27,300,39,9
2015-09-28,300,39,9
2015-09-29,300,39,9
2015-09-30,300,39,9
2015-10-01,300,39,9
2015-10-02,300,39,9
2015-10-03,301,40,10
2015-10-04,301,40,10
2015-10-05,301,40,10
2015-10-06,301,40,10
2015-10-07,301,40,10
2015-10-08,301,40,10
2015-10-09,301,40,10
2015-10-10,302,41,10
2015-10-11,302,41,10
2015-10-12,302,41,10
2015-10-13,302,41,10
2015-10-14,302,41,10
2015-10-15,302,41,10
2015-10-16,302,41,10
2015-10-17,303,42,10
2015-10-18,303,42,10
2015-10-19,303,42,10
2015-10-20,303,42,10
2015-10-21,303,42,10
2015-10-22,303,42,10
2015-10-23,303,42,10
2015-10-24,304,43,10
2015-10-25,304,43,10
2015-10-26,304,43,10
2015-10-27,304,43,10
2015-10-28,304,43,10
2015-10-29,304,43,10
2015-10-30,304,43,10
2015-10-31,305,44,11
2015-11-01,305,44,11
2015-11-02,305,44,11
2015-11-03,305,44,11
2015-11-04,305,44,11
2015-11-05,305,44,11
2015-11-06,305,44,11
2015-11-07,306,45,11
2015-11-08,306,45,11
2015-11-09,306,45,11
2015-11-10,306,45,11
2015-11-11,306,45,11
2015-11-12,306,45,11
2015-11-13,306,45,11
2015-11-14,307,46,11
2015-11-15,307,46,11
2015-11-16,307,46,11
2015-11-17,307,46,11
2015-11-18,307,46,11
2015-11-19,307,46,11
2015-11-20,307,46,11
2015-11-21,308,47,11
2015-11-22,308,47,11
2015-11-23,308,47,11
2015-11-24,308,47,11
2015-11-25,308,47,11
2015-11-26,308,47,11
2015-11-27,308,47,11
2015-11-28,309,48,12
2015-11-29,309,48,12
2015-11-30,309,48,12
2015-12-01,309,48,12
2015-12-02,309,48,12
2015-12-03,309,48,12
2015-12-04,309,48,12
2015-12-05,310,49,12
2015-12-06,310,49,12
2015-12-07,310,49,12
2015-12-08,310,49,12
2015-12-09,310,49,12
2015-12-10,310,49,12
2015-12-11,310,49,12
2015-12-12,311,50,12
2015-12-13,311,50,12
2015-12-14,311,50,12
2015-12-15,311,50,12
2015-12-16,311,50,12
2015-12-17,311,50,12
2015-12-18,311,50,12
2015-12-19,312,51,12
2015-12-20,312,51,12
2015-12-21,312,51,12
2015-12-22,312,51,12
2015-12-23,312,51,12
2015-12-24,312,51,12
2015-12-25,312,51,12
2015-12-26,313,52,12
2015-12-27,313,52,12
2015-12-28,313,52,12
2015-12-29,313,52,12
2015-12-30,313,52,12
2015-12-31,313,52,12
2016-01-01,313,52,12
2016-01-02,314,1,1
2016-01-03,314,1,1
2016-01-04,314,1,1
2016-01-05,314,1,1
2016-01-06,314,1,1
2016-01-07,314,1,1
2016-01-08,314,1,1
2016-01-09,315,2,1
2016-01-10,315,2,1
2016-01-11,315,2,1
2016-01-12,315,2,1
2016-01-13,315,2,1
2016-01-14,315,2,1
2016-01-15,315,2,1
2016-01-16,316,3,1
2016-01-17,316,3,1
2016-01-18,316,3,1
2016-01-19,316,3,1
2016-01-20,316,3,1
2016-01-21,316,3,1
2016-01-22,316,3,1
2016-01-23,317,4,1
2016-01-24,317,4,1
2016-01-25,317,4,1
2016-01-26,317,4,1
2016-01-27,317,4,1
2016-01-28,317,4,1
2016-01-29,317,4,1
2016-01-30,318,5,2
2016-01-31,318,5,2
2016-02-01,318,5,2
2016-02-02,318,5,2
2016-02-03,318,5,2
2016-02-04,318,5,2
2016-02-05,318,5,2
2016-02-06,319,6,2
2016-02-07,319,6,2
2016-02-08,319,6,2
2016-02-09,319,6,2
2016-02-10,319,6,2
2016-02-11,319,6,2
2016-02-12,319,6,2
2016-02-13,320,7,2
2016-02-14,320,7,2
2016-02-15,320,7,2
2016-02-16,320,7,2
2016-02-17,320,7,2
2016-02-18,320,7,2
2016-02-19,320,7,2
2016-02-20,321,8,2
2016-02-21,321,8,2
2016-02-22,321,8,2
2016-02-23,321,8,2
2016-02-24,321,8,2
2016-02-25,321,8,2
2016-02-26,321,8,2
2016-02-27,322,9,3
2016-02-28,322,9,3
2016-02-29,322,9,3
2016-03-01,322,9,3
2016-03-02,322,9,3
2016-03-03,322,9,3
2016-03-04,322,9,3
2016-03-05,323,10,3
2016-03-06,323,10,3
2016-03-07,323,10,3
2016-03-08,323,10,3
2016-03-09,323,10,3
2016-03-10,323,10,3
2016-03-11,323,10,3
2016-03-12,324,11,3
2016-03-13,324,11,3
2016-03-14,324,11,3
2016-03-15,324,11,3
2016-03-16,324,11,3
2016-03-17,324,11,3
2016-03-18,324,11,3
2016-03-19,325,12,3
2016-03-20,325,12,3
2016-03-21,325,12,3
2016-03-22,325,12,3
2016-03-23,325,12,3
2016-03-24,325,12,3
2016-03-25,325,12,3
2016-03-26,326,13,3
2016-03-27,326,13,3
2016-03-28,326,13,3
2016-03-29,326,13,3
2016-03-30,326,13,3
2016-03-31,326,13,3
2016-04-01,326,13,3
2016-04-02,327,14,4
2016-04-03,327,14,4
2016-04-04,327,14,4
2016-04-05,327,14,4
2016-04-06,327,14,4
2016-04-07,327,14,4
2016-04-08,327,14,4
2016-04-09,328,15,4
2016-04-10,328,15,4
2016-04-11,328,15,4
2016-04-12,328,15,4
2016-04-13,328,15,4
2016-04-14,328,15,4
2016-04-15,328,15,4
2016-04-16,329,16,4
2016-04-17,329,16,4
2016-04-18,329,16,4
2016-04-19,329,16,4
2016-04-20,329,16,4
2016-04-21,329,16,4
2016-04-22,329,16,4
2016-04-23,330,17,4
2016-04-24,330,17,4
2016-04-25,330,17,4
2016-04-26,330,17,4
2016-04-27,330,17,4
2016-04-28,330,17,4
2016-04-29,330,17,4
2016-04-30,331,18,5
2016-05-01,331,18,5
2016-05-02,331,18,5
2016-05-03,331,18,5
2016-05-04,331,18,5
2016-05-05,331,18,5
2016-05-06,331,18,5
2016-05-07,332,19,5
2016-05-08,332,19,5
2016-05-09,332,19,5
2016-05-10,332,19,5
2016-05-11,332,19,5
2016-05-12,332,19,5
2016-05-13,332,19,5
2016-05-14,333,20,5
2016-05-15,333,20,5
2016-05-16,333,20,5
2016-05-17,333,20,5
2016-05-18,333,20,5
2016-05-19,333,20,5
2016-05-20,333,20,5
2016-05-21,334,21,5
2016-05-22,334,21,5
2016-05-23,334,21,5
2016-05-24,334,21,5
2016-05-25,334,21,5
2016-05-26,334,21,5
2016-05-27,334,21,5
2016-05-28,335,22,5
2016-05-29,335,22,5
2016-05-30,335,22,5
2016-05-31,335,22,5
2016-06-01,335,22,5
2016-06-02,335,22,5
2016-06-03,335,22,5
2016-06-04,336,23,6
2016-06-05,336,23,6
2016-06-06,336,23,6
2016-06-07,336,23,6
2016-06-08,336,23,6
2016-06-09,336,23,6
2016-06-10,336,23,6
2016-06-11,337,24,6
2016-06-12,337,24,6
2016-06-13,337,24,6
2016-06-14,337,24,6
2016-06-15,337,24,6
2016-06-16,337,24,6
2016-06-17,337,24,6
2016-06-18,338,25,6
2016-06-19,338,25,6
2016-06-20,338,25,6
2016-06-21,338,25,6
2016-06-22,338,25,6
2016-06-23,338,25,6
2016-06-24,338,25,6
2016-06-25,339,26,6
2016-06-26,339,26,6
2016-06-27,339,26,6
2016-06-28,339,26,6
2016-06-29,339,26,6
2016-06-30,339,26,6
2016-07-01,339,26,6
2016-07-02,340,27,7
2016-07-03,340,27,7
2016-07-04,340,27,7
2016-07-05,340,27,7
2016-07-06,340,27,7
2016-07-07,340,27,7
2016-07-08,340,27,7
2016-07-09,341,28,7
2016-07-10,341,28,7
2016-07-11,341,28,7
2016-07-12,341,28,7
2016-07-13,341,28,7
2016-07-14,341,28,7
2016-07-15,341,28,7
2016-07-16,342,29,7
2016-07-17,342,29,7
2016-07-18,342,29,7
2016-07-19,342,29,7
2016-07-20,342,29,7
2016-07-21,342,29,7
2016-07-22,342,29,7
2016-07-23,343,30,7
2016-07-24,343,30,7
2016-07-25,343,30,7
2016-07-26,343,30,7
2016-07-27,343,30,7
2016-07-28,343,30,7
2016-07-29,343,30,7
2016-07-30,344,31,8
2016-07-31,344,31,8
2016-08-01,344,31,8
2016-08-02,344,31,8
2016-08-03,344,31,8
2016-08-04,344,31,8
2016-08-05,344,31,8
2016-08-06,345,32,8
2016-08-07,345,32,8
2016-08-08,345,32,8
2016-08-09,345,32,8
2016-08-10,345,32,8
2016-08-11,345,32,8
2016-08-12,345,32,8
2016-08-13,346,33,8
2016-08-14,346,33,8
2016-08-15,346,33,8
2016-08-16,346,33,8
2016-08-17,346,33,8
2016-08-18,346,33,8
2016-08-19,346,33,8
2016-08-20,347,34,8
2016-08-21,347,34,8
2016-08-22,347,34,8
2016-08-23,347,34,8
2016-08-24,347,34,8
2016-08-25,347,34,8
2016-08-26,347,34,8
2016-08-27,348,35,8
2016-08-28,348,35,8
2016-08-29,348,35,8
2016-08-30,348,35,8
2016-08-31,348,35,8
2016-09-01,348,35,8
2016-09-02,348,35,8
2016-09-03,349,36,9
2016-09-04,349,36,9
2016-09-05,349,36,9
2016-09-06,349,36,9
2016-09-07,349,36,9
2016-09-08,349,36,9
2016-09-09,349,36,9
2016-09-10,350,37,9
2016-09-11,350,37,9
2016-09-12,350,37,9
2016-09-13,350,37,9
2016-09-14,350,37,9
2016-09-15,350,37,9
2016-09-16,350,37,9
2016-09-17,351,38,9
2016-09-18,351,38,9
2016-09-19,351,38,9
2016-09-20,351,38,9
2016-09-21,351,38,9
2016-09-22,351,38,9
2016-09-23,351,38,9
2016-09-24,352,39,9
2016-09-25,352,39,9
2016-09-26,352,39,9
2016-09-27,352,39,9
2016-09-28,352,39,9
2016-09-29,352,39,9
2016-09-30,352,39,9
2016-10-01,353,40,10
2016-10-02,353,40,10
2016-10-03,353,40,10
2016-10-04,353,40,10
2016-10-05,353,40,10
2016-10-06,353,40,10
2016-10-07,353,40,10
2016-10-08,354,41,10
2016-10-09,354,41,10
2016-10-10,354,41,10
2016-10-11,354,41,10
2016-10-12,354,41,10
2016-10-13,354,41,10
2016-10-14,354,41,10
2016-10-15,355,42,10
2016-10-16,355,42,10
2016-10-17,355,42,10
2016-10-18,355,42,10
2016-10-19,355,42,10
2016-10-20,355,42,10
2016-10-21,355,42,10
2016-10-22,356,43,10
2016-10-23,356,43,10
2016-10-24,356,43,10
2016-10-25,356,43,10
2016-10-26,356,43,10
2016-10-27,356,43,10
2016-10-28,356,43,10
2016-10-29,357,44,11
2016-10-30,357,44,11
2016-10-31,357,44,11
2016-11-01,357,44,11
2016-11-02,357,44,11
2016-11-03,357,44,11
2016-11-04,357,44,11
2016-11-05,358,45,11
2016-11-06,358,45,11
2016-11-07,358,45,11
2016-11-08,358,45,11
2016-11-09,358,45,11
2016-11-10,358,45,11
2016-11-11,358,45,11
2016-11-12,359,46,11
2016-11-13,359,46,11
2016-11-14,359,46,11
2016-11-15,359,46,11
2016-11-16,359,46,11
2016-11-17,359,46,11
2016-11-18,359,46,11
2016-11-19,360,47,11
2016-11-20,360,47,11
2016-11-21,360,47,11
2016-11-22,360,47,11
2016-11-23,360,47,11
2016-11-24,360,47,11
2016-11-25,360,47,11
2016-11-26,361,48,11
2016-11-27,361,48,11
2016-11-28,361,48,11
2016-11-29,361,48,11
2016-11-30,361,48,11
2016-12-01,361,48,11
2016-12-02,361,48,11
2016-12-03,362,49,12
2016-12-04,362,49,12
2016-12-05,362,49,12
2016-12-06,362,49,12
2016-12-07,362,49,12
2016-12-08,362,49,12
2016-12-09,362,49,12
2016-12-10,363,50,12
2016-12-11,363,50,12
2016-12-12,363,50,12
2016-12-13,363,50,12
2016-12-14,363,50,12
2016-12-15,363,50,12
2016-12-16,363,50,12
2016-12-17,364,51,12
2016-12-18,364,51,12
2016-12-19,364,51,12
2016-12-20,364,51,12
2016-12-21,364,51,12
2016-12-22,364,51,12
2016-12-23,364,51,12
2016-12-24,365,52,12
2016-12-25,365,52,12
2016-12-26,365,52,12
2016-12-27,365,52,12
2016-12-28,365,52,12
2016-12-29,365,52,12
2016-12-30,365,52,12
2016-12-31,366,1,1
2017-01-01,366,1,1
2017-01-02,366,1,1
2017-01-03,366,1,1
2017-01-04,366,1,1
2017-01-05,366,1,1
2017-01-06,366,1,1
2017-01-07,367,2,1
2017-01-08,367,2,1
2017-01-09,367,2,1
2017-01-10,367,2,1
2017-01-11,367,2,1
2017-01-12,367,2,1
2017-01-13,367,2,1
2017-01-14,368,3,1
2017-01-15,368,3,1
2017-01-16,368,3,1
2017-01-17,368,3,1
2017-01-18,368,3,1
2017-01-19,368,3,1
2017-01-20,368,3,1
2017-01-21,369,4,1
2017-01-22,369,4,1
2017-01-23,369,4,1
2017-01-24,369,4,1
2017-01-25,369,4,1
2017-01-26,369,4,1
2017-01-27,369,4,1
2017-01-28,370,5,1
2017-01-29,370,5,1
2017-01-30,370,5,1
2017-01-31,370,5,1
2017-02-01,370,5,1
2017-02-02,370,5,1
2017-02-03,370,5,1
2017-02-04,371,6,2
2017-02-05,371,6,2
2017-02-06,371,6,2
2017-02-07,371,6,2
2017-02-08,371,6,2
2017-02-09,371,6,2
2017-02-10,371,6,2
2017-02-11,372,7,2
2017-02-12,372,7,2
2017-02-13,372,7,2
2017-02-14,372,7,2
2017-02-15,372,7,2
2017-02-16,372,7,2
2017-02-17,372,7,2
2017-02-18,373,8,2
2017-02-19,373,8,2
2017-02-20,373,8,2
2017-02-21,373,8,2
2017-02-22,373,8,2
2017-02-23,373,8,2
2017-02-24,373,8,2
2017-02-25,374,9,2
2017-02-26,374,9,2
2017-02-27,374,9,2
2017-02-28,374,9,2
2017-03-01,374,9,2
2017-03-02,374,9,2
2017-03-03,374,9,2
2017-03-04,375,10,3
2017-03-05,375,10,3
2017-03-06,375,10,3
2017-03-07,375,10,3
2017-03-08,375,10,3
2017-03-09,375,10,3
2017-03-10,375,10,3
2017-03-11,376,11,3
2017-03-12,376,11,3
2017-03-13,376,11,3
2017-03-14,376,11,3
2017-03-15,376,11,3
2017-03-16,376,11,3
2017-03-17,376,11,3
2017-03-18,377,12,3
2017-03-19,377,12,3
2017-03-20,377,12,3
2017-03-21,377,12,3
2017-03-22,377,12,3
2017-03-23,377,12,3
2017-03-24,377,12,3
2017-03-25,378,13,3
2017-03-26,378,13,3
2017-03-27,378,13,3
2017-03-28,378,13,3
2017-03-29,378,13,3
2017-03-30,378,13,3
2017-03-31,378,13,3
2017-04-01,379,14,4
2017-04-02,379,14,4
2017-04-03,379,14,4
2017-04-04,379,14,4
2017-04-05,379,14,4
2017-04-06,379,14,4
2017-04-07,379,14,4
2017-04-08,380,15,4
2017-04-09,380,15,4
2017-04-10,380,15,4
2017-04-11,380,15,4
2017-04-12,380,15,4
2017-04-13,380,15,4
2017-04-14,380,15,4
2017-04-15,381,16,4
2017-04-16,381,16,4
2017-04-17,381,16,4
2017-04-18,381,16,4
2017-04-19,381,16,4
2017-04-20,381,16,4
2017-04-21,381,16,4
2017-04-22,382,17,4
2017-04-23,382,17,4
2017-04-24,382,17,4
2017-04-25,382,17,4
2017-04-26,382,17,4
2017-04-27,382,17,4
2017-04-28,382,17,4
2017-04-29,383,18,5
2017-04-30,383,18,5
2017-05-01,383,18,5
2017-05-02,383,18,5
2017-05-03,383,18,5
2017-05-04,383,18,5
2017-05-05,383,18,5
2017-05-06,384,19,5
2017-05-07,384,19,5
2017-05-08,384,19,5
2017-05-09,384,19,5
2017-05-10,384,19,5
2017-05-11,384,19,5
2017-05-12,384,19,5
2017-05-13,385,20,5
2017-05-14,385,20,5
2017-05-15,385,20,5
2017-05-16,385,20,5
2017-05-17,385,20,5
2017-05-18,385,20,5
2017-05-19,385,20,5
2017-05-20,386,21,5
2017-05-21,386,21,5
2017-05-22,386,21,5
2017-05-23,386,21,5
2017-05-24,386,21,5
2017-05-25,386,21,5
2017-05-26,386,21,5
2017-05-27,387,22,5
2017-05-28,387,22,5
2017-05-29,387,22,5
2017-05-30,387,22,5
2017-05-31,387,22,5
2017-06-01,387,22,5
2017-06-02,387,22,5
2017-06-03,388,23,6
2017-06-04,388,23,6
2017-06-05,388,23,6
2017-06-06,388,23,6
2017-06-07,388,23,6
2017-06-08,388,23,6
2017-06-09,388,23,6
2017-06-10,389,24,6
2017-06-11,389,24,6
2017-06-12,389,24,6
2017-06-13,389,24,6
2017-06-14,389,24,6
2017-06-15,389,24,6
2017-06-16,389,24,6
2017-06-17,390,25,6
2017-06-18,390,25,6
2017-06-19,390,25,6
2017-06-20,390,25,6
2017-06-21,390,25,6
2017-06-22,390,25,6
2017-06-23,390,25,6
2017-06-24,391,26,6
2017-06-25,391,26,6
2017-06-26,391,26,6
2017-06-27,391,26,6
2017-06-28,391,26,6
2017-06-29,391,26,6
2017-06-30,391,26,6
2017-07-01,392,27,7
2017-07-02,392,27,7
2017-07-03,392,27,7
2017-07-04,392,27,7
2017-07-05,392,27,7
2017-07-06,392,27,7
2017-07-07,392,27,7
2017-07-08,393,28,7
2017-07-09,393,28,7
2017-07-10,393,28,7
2017-07-11,393,28,7
2017-07-12,393,28,7
2017-07-13,393,28,7
2017-07-14,393,28,7
2017-07-15,394,29,7
2017-07-16,394,29,7
2017-07-17,394,29,7
2017-07-18,394,29,7
2017-07-19,394,29,7
2017-07-20,394,29,7
2017-07-21,394,29,7
2017-07-22,395,30,7
2017-07-23,395,30,7
2017-07-24,395,30,7
2017-07-25,395,30,7
2017-07-26,395,30,7
2017-07-27,395,30,7
2017-07-28,395,30,7
2017-07-29,396,31,8
2017-07-30,396,31,8
2017-07-31,396,31,8
2017-08-01,396,31,8
2017-08-02,396,31,8
2017-08-03,396,31,8
2017-08-04,396,31,8
2017-08-05,397,32,8
2017-08-06,397,32,8
2017-08-07,397,32,8
2017-08-08,397,32,8
2017-08-09,397,32,8
2017-08-10,397,32,8
2017-08-11,397,32,8
2017-08-12,398,33,8
2017-08-13,398,33,8
2017-08-14,398,33,8
2017-08-15,398,33,8
2017-08-16,398,33,8
2017-08-17,398,33,8
2017-08-18,398,33,8
2017-08-19,399,34,8
2017-08-20,399,34,8
2017-08-21,399,34,8
2017-08-22,399,34,8
2017-08-23,399,34,8
2017-08-24,399,34,8
2017-08-25,399,34,8
2017-08-26,400,35,8
2017-08-27,400,35,8
2017-08-28,400,35,8
2017-08-29,400,35,8
2017-08-30,400,35,8
2017-08-31,400,35,8
2017-09-01,400,35,8
2017-09-02,401,36,9
2017-09-03,401,36,9
2017-09-04,401,36,9
2017-09-05,401,36,9
2017-09-06,401,36,9
2017-09-07,401,36,9
2017-09-08,401,36,9
2017-09-09,402,37,9
2017-09-10,402,37,9
2017-09-11,402,37,9
2017-09-12,402,37,9
2017-09-13,402,37,9
2017-09-14,402,37,9
2017-09-15,402,37,9
2017-09-16,403,38,9
2017-09-17,403,38,9
2017-09-18,403,38,9
2017-09-19,403,38,9
2017-09-20,403,38,9
2017-09-21,403,38,9
2017-09-22,403,38,9
2017-09-23,404,39,9
2017-09-24,404,39,9
2017-09-25,404,39,9
2017-09-26,404,39,9
2017-09-27,404,39,9
2017-09-28,404,39,9
2017-09-29,404,39,9
2017-09-30,405,40,10
2017-10-01,405,40,10
2017-10-02,405,40,10
2017-10-03,405,40,10
2017-10-04,405,40,10
2017-10-05,405,40,10
2017-10-06,405,40,10
2017-10-07,406,41,10
2017-10-08,406,41,10
2017-10-09,406,41,10
2017-10-10,406,41,10
2017-10-11,406,41,10
2017-10-12,406,41,10
2017-10-13,406,41,10
2017-10-14,407,42,10
2017-10-15,407,42,10
2017-10-16,407,42,10
2017-10-17,407,42,10
2017-10-18,407,42,10
2017-10-19,407,42,10
2017-10-20,407,42,10
2017-10-21,408,43,10
2017-10-22,408,43,10
2017-10-23,408,43,10
2017-10-24,408,43,10
2017-10-25,408,43,10
2017-10-26,408,43,10
2017-10-27,408,43,10
2017-10-28,409,44,10
2017-10-29,409,44,10
2017-10-30,409,44,10
2017-10-31,409,44,10
2017-11-01,409,44,10
2017-11-02,409,44,10
2017-11-03,409,44,10
2017-11-04,410,45,11
2017-11-05,410,45,11
2017-11-06,410,45,11
2017-11-07,410,45,11
2017-11-08,410,45,11
2017-11-09,410,45,11
2017-11-10,410,45,11
2017-11-11,411,46,11
2017-11-12,411,46,11
2017-11-13,411,46,11
2017-11-14,411,46,11
2017-11-15,411,46,11
2017-11-16,411,46,11
2017-11-17,411,46,11
2017-11-18,412,47,11
2017-11-19,412,47,11
2017-11-20,412,47,11
2017-11-21,412,47,11
2017-11-22,412,47,11
2017-11-23,412,47,11
2017-11-24,412,47,11
2017-11-25,413,48,11
2017-11-26,413,48,11
2017-11-27,413,48,11
2017-11-28,413,48,11
2017-11-29,413,48,11
2017-11-30,413,48,11
2017-12-01,413,48,11
2017-12-02,414,49,12
2017-12-03,414,49,12
2017-12-04,414,49,12
2017-12-05,414,49,12
2017-12-06,414,49,12
2017-12-07,414,49,12
2017-12-08,414,49,12
2017-12-09,415,50,12
2017-12-10,415,50,12
2017-12-11,415,50,12
2017-12-12,415,50,12
2017-12-13,415,50,12
2017-12-14,415,50,12
2017-12-15,415,50,12
2017-12-16,416,51,12
2017-12-17,416,51,12
2017-12-18,416,51,12
2017-12-19,416,51,12
2017-12-20,416,51,12
2017-12-21,416,51,12
2017-12-22,416,51,12
2017-12-23,417,52,12
2017-12-24,417,52,12
2017-12-25,417,52,12
2017-12-26,417,52,12
2017-12-27,417,52,12
2017-12-28,417,52,12
2017-12-29,417,52,12
2017-12-30,418,1,1
2017-12-31,418,1,1
2018-01-01,418,1,1
2018-01-02,418,1,1
2018-01-03,418,1,1
2018-01-04,418,1,1
2018-01-05,418,1,1
2018-01-06,419,2,1
2018-01-07,419,2,1
2018-01-08,419,2,1
2018-01-09,419,2,1
2018-01-10,419,2,1
2018-01-11,419,2,1
2018-01-12,419,2,1
2018-01-13,420,3,1
2018-01-14,420,3,1
2018-01-15,420,3,1
2018-01-16,420,3,1
2018-01-17,420,3,1
2018-01-18,420,3,1
2018-01-19,420,3,1
2018-01-20,421,4,1
2018-01-21,421,4,1
2018-01-22,421,4,1
2018-01-23,421,4,1
2018-01-24,421,4,1
2018-01-25,421,4,1
2018-01-26,421,4,1
2018-01-27,422,5,1
2018-01-28,422,5,1
2018-01-29,422,5,1
2018-01-30,422,5,1
2018-01-31,422,5,1
2018-02-01,422,5,1
2018-02-02,422,5,1
2018-02-03,423,6,2
2018-02-04,423,6,2
2018-02-05,423,6,2
2018-02-06,423,6,2
2018-02-07,423,6,2
2018-02-08,423,6,2
2018-02-09,423,6,2
2018-02-10,424,7,2
2018-02-11,424,7,2
2018-02-12,424,7,2
2018-02-13,424,7,2
2018-02-14,424,7,2
2018-02-15,424,7,2
2018-02-16,424,7,2
2018-02-17,425,8,2
2018-02-18,425,8,2
2018-02-19,425,8,2
2018-02-20,425,8,2
2018-02-21,425,8,2
2018-02-22,425,8,2
2018-02-23,425,8,2
2018-02-24,426,9,2
2018-02-25,426,9,2
2018-02-26,426,9,2
2018-02-27,426,9,2
2018-02-28,426,9,2
2018-03-01,426,9,2
2018-03-02,426,9,2
2018-03-03,427,10,3
2018-03-04,427,10,3
2018-03-05,427,10,3
2018-03-06,427,10,3
2018-03-07,427,10,3
2018-03-08,427,10,3
2018-03-09,427,10,3
2018-03-10,428,11,3
2018-03-11,428,11,3
2018-03-12,428,11,3
2018-03-13,428,11,3
2018-03-14,428,11,3
2018-03-15,428,11,3
2018-03-16,428,11,3
2018-03-17,429,12,3
2018-03-18,429,12,3
2018-03-19,429,12,3
2018-03-20,429,12,3
2018-03-21,429,12,3
2018-03-22,429,12,3
2018-03-23,429,12,3
2018-03-24,430,13,3
2018-03-25,430,13,3
2018-03-26,430,13,3
2018-03-27,430,13,3
2018-03-28,430,13,3
2018-03-29,430,13,3
2018-03-30,430,13,3
2018-03-31,431,14,4
2018-04-01,431,14,4
2018-04-02,431,14,4
2018-04-03,431,14,4
2018-04-04,431,14,4
2018-04-05,431,14,4
2018-04-06,431,14,4
2018-04-07,432,15,4
2018-04-08,432,15,4
2018-04-09,432,15,4
2018-04-10,432,15,4
2018-04-11,432,15,4
2018-04-12,432,15,4
2018-04-13,432,15,4
2018-04-14,433,16,4
2018-04-15,433,16,4
2018-04-16,433,16,4
2018-04-17,433,16,4
2018-04-18,433,16,4
2018-04-19,433,16,4
2018-04-20,433,16,4
2018-04-21,434,17,4
2018-04-22,434,17,4
2018-04-23,434,17,4
2018-04-24,434,17,4
2018-04-25,434,17,4
2018-04-26,434,17,4
2018-04-27,434,17,4
2018-04-28,435,18,5
2018-04-29,435,18,5
2018-04-30,435,18,5
2018-05-01,435,18,5
2018-05-02,435,18,5
2018-05-03,435,18,5
2018-05-04,435,18,5
2018-05-05,436,19,5
2018-05-06,436,19,5
2018-05-07,436,19,5
2018-05-08,436,19,5
2018-05-09,436,19,5
2018-05-10,436,19,5
2018-05-11,436,19,5
2018-05-12,437,20,5
2018-05-13,437,20,5
2018-05-14,437,20,5
2018-05-15,437,20,5
2018-05-16,437,20,5
2018-05-17,437,20,5
2018-05-18,437,20,5
2018-05-19,438,21,5
2018-05-20,438,21,5
2018-05-21,438,21,5
2018-05-22,438,21,5
2018-05-23,438,21,5
2018-05-24,438,21,5
2018-05-25,438,21,5
2018-05-26,439,22,5
2018-05-27,439,22,5
2018-05-28,439,22,5
2018-05-29,439,22,5
2018-05-30,439,22,5
2018-05-31,439,22,5
2018-06-01,439,22,5
2018-06-02,440,23,6
2018-06-03,440,23,6
2018-06-04,440,23,6
2018-06-05,440,23,6
2018-06-06,440,23,6
2018-06-07,440,23,6
2018-06-08,440,23,6
2018-06-09,441,24,6
2018-06-10,441,24,6
2018-06-11,441,24,6
2018-06-12,441,24,6
2018-06-13,441,24,6
2018-06-14,441,24,6
2018-06-15,441,24,6
2018-06-16,442,25,6
2018-06-17,442,25,6
2018-06-18,442,25,6
2018-06-19,442,25,6
2018-06-20,442,25,6
2018-06-21,442,25,6
2018-06-22,442,25,6
2018-06-23,443,26,6
2018-06-24,443,26,6
2018-06-25,443,26,6
2018-06-26,443,26,6
2018-06-27,443,26,6
2018-06-28,443,26,6
2018-06-29,443,26,6
2018-06-30,444,27,7
2018-07-01,444,27,7
2018-07-02,444,27,7
2018-07-03,444,27,7
2018-07-04,444,27,7
2018-07-05,444,27,7
2018-07-06,444,27,7
2018-07-07,445,28,7
2018-07-08,445,28,7
2018-07-09,445,28,7
2018-07-10,445,28,7
2018-07-11,445,28,7
2018-07-12,445,28,7
2018-07-13,445,28,7
2018-07-14,446,29,7
2018-07-15,446,29,7
2018-07-16,446,29,7
2018-07-17,446,29,7
2018-07-18,446,29,7
2018-07-19,446,29,7
2018-07-20,446,29,7
2018-07-21,447,30,7
2018-07-22,447,30,7
2018-07-23,447,30,7
2018-07-24,447,30,7
2018-07-25,447,30,7
2018-07-26,447,30,7
2018-07-27,447,30,7
2018-07-28,448,31,7
2018-07-29,448,31,7
2018-07-30,448,31,7
2018-07-31,448,31,7
2018-08-01,448,31,7
2018-08-02,448,31,7
2018-08-03,448,31,7
2018-08-04,449,32,8
2018-08-05,449,32,8
2018-08-06,449,32,8
2018-08-07,449,32,8
2018-08-08,449,32,8
2018-08-09,449,32,8
2018-08-10,449,32,8
2018-08-11,450,33,8
2018-08-12,450,33,8
2018-08-13,450,33,8
2018-08-14,450,33,8
2018-08-15,450,33,8
2018-08-16,450,33,8
2018-08-17,450,33,8
2018-08-18,451,34,8
2018-08-19,451,34,8
2018-08-20,451,34,8
2018-08-21,451,34,8
2018-08-22,451,34,8
2018-08-23,451,34,8
2018-08-24,451,34,8
2018-08-25,452,35,8
2018-08-26,452,35,8
2018-08-27,452,35,8
2018-08-28,452,35,8
2018-08-29,452,35,8
2018-08-30,452,35,8
2018-08-31,452,35,8
2018-09-01,453,36,9
2018-09-02,453,36,9
2018-09-03,453,36,9
2018-09-04,453,36,9
2018-09-05,453,36,9
2018-09-06,453,36,9
2018-09-07,453,36,9
2018-09-08,454,37,9
2018-09-09,454,37,9
2018-09-10,454,37,9
2018-09-11,454,37,9
2018-09-12,454,37,9
2018-09-13,454,37,9
2018-09-14,454,37,9
2018-09-15,455,38,9
2018-09-16,455,38,9
2018-09-17,455,38,9
2018-09-18,455,38,9
2018-09-19,455,38,9
2018-09-20,455,38,9
2018-09-21,455,38,9
2018-09-22,456,39,9
2018-09-23,456,39,9
2018-09-24,456,39,9
2018-09-25,456,39,9
2018-09-26,456,39,9
2018-09-27,456,39,9
2018-09-28,456,39,9
2018-09-29,457,40,10
2018-09-30,457,40,10
2018-10-01,457,40,10
2018-10-02,457,40,10
2018-10-03,457,40,10
2018-10-04,457,40,10
2018-10-05,457,40,10
2018-10-06,458,41,10
2018-10-07,458,41,10
2018-10-08,458,41,10
2018-10-09,458,41,10
2018-10-10,458,41,10
2018-10-11,458,41,10
2018-10-12,458,41,10
2018-10-13,459,42,10
2018-10-14,459,42,10
2018-10-15,459,42,10
2018-10-16,459,42,10
2018-10-17,459,42,10
2018-10-18,459,42,10
2018-10-19,459,42,10
2018-10-20,460,43,10
2018-10-21,460,43,10
2018-10-22,460,43,10
2018-10-23,460,43,10
2018-10-24,460,43,10
2018-10-25,460,43,10
2018-10-26,460,43,10
2018-10-27,461,44,10
2018-10-28,461,44,10
2018-10-29,461,44,10
2018-10-30,461,44,10
2018-10-31,461,44,10
2018-11-01,461,44,10
2018-11-02,461,44,10
2018-11-03,462,45,11
2018-11-04,462,45,11
2018-11-05,462,45,11
2018-11-06,462,45,11
2018-11-07,462,45,11
2018-11-08,462,45,11
2018-11-09,462,45,11
2018-11-10,463,46,11
2018-11-11,463,46,11
2018-11-12,463,46,11
2018-11-13,463,46,11
2018-11-14,463,46,11
2018-11-15,463,46,11
2018-11-16,463,46,11
2018-11-17,464,47,11
2018-11-18,464,47,11
2018-11-19,464,47,11
2018-11-20,464,47,11
2018-11-21,464,47,11
2018-11-22,464,47,11
2018-11-23,464,47,11
2018-11-24,465,48,11
2018-11-25,465,48,11
2018-11-26,465,48,11
2018-11-27,465,48,11
2018-11-28,465,48,11
2018-11-29,465,48,11
2018-11-30,465,48,11
2018-12-01,466,49,12
2018-12-02,466,49,12
2018-12-03,466,49,12
2018-12-04,466,49,12
2018-12-05,466,49,12
2018-12-06,466,49,12
2018-12-07,466,49,12
2018-12-08,467,50,12
2018-12-09,467,50,12
2018-12-10,467,50,12
2018-12-11,467,50,12
2018-12-12,467,50,12
2018-12-13,467,50,12
2018-12-14,467,50,12
2018-12-15,468,51,12
2018-12-16,468,51,12
2018-12-17,468,51,12
2018-12-18,468,51,12
2018-12-19,468,51,12
2018-12-20,468,51,12
2018-12-21,468,51,12
2018-12-22,469,52,12
2018-12-23,469,52,12
2018-12-24,469,52,12
2018-12-25,469,52,12
2018-12-26,469,52,12
2018-12-27,469,52,12
2018-12-28,469,52,12
2018-12-29,470,1,1
2018-12-30,470,1,1
2018-12-31,470,1,1
2019-01-01,470,1,1
2019-01-02,470,1,1
2019-01-03,470,1,1
2019-01-04,470,1,1
2019-01-05,471,2,1
2019-01-06,471,2,1
2019-01-07,471,2,1
2019-01-08,471,2,1
2019-01-09,471,2,1
2019-01-10,471,2,1
2019-01-11,471,2,1
2019-01-12,472,3,1
2019-01-13,472,3,1
2019-01-14,472,3,1
2019-01-15,472,3,1
2019-01-16,472,3,1
2019-01-17,472,3,1
2019-01-18,472,3,1
2019-01-19,473,4,1
2019-01-20,473,4,1
2019-01-21,473,4,1
2019-01-22,473,4,1
2019-01-23,473,4,1
2019-01-24,473,4,1
2019-01-25,473,4,1
2019-01-26,474,5,1
2019-01-27,474,5,1
2019-01-28,474,5,1
2019-01-29,474,5,1
2019-01-30,474,5,1
2019-01-31,474,5,1
2019-02-01,474,5,1
2019-02-02,475,6,2
2019-02-03,475,6,2
2019-02-04,475,6,2
2019-02-05,475,6,2
2019-02-06,475,6,2
2019-02-07,475,6,2
2019-02-08,475,6,2
2019-02-09,476,7,2
2019-02-10,476,7,2
2019-02-11,476,7,2
2019-02-12,476,7,2
2019-02-13,476,7,2
2019-02-14,476,7,2
2019-02-15,476,7,2
2019-02-16,477,8,2
2019-02-17,477,8,2
2019-02-18,477,8,2
2019-02-19,477,8,2
2019-02-20,477,8,2
2019-02-21,477,8,2
2019-02-22,477,8,2
2019-02-23,478,9,2
2019-02-24,478,9,2
2019-02-25,478,9,2
2019-02-26,478,9,2
2019-02-27,478,9,2
2019-02-28,478,9,2
2019-03-01,478,9,2
2019-03-02,479,10,3
2019-03-03,479,10,3
2019-03-04,479,10,3
2019-03-05,479,10,3
2019-03-06,479,10,3
2019-03-07,479,10,3
2019-03-08,479,10,3
2019-03-09,480,11,3
2019-03-10,480,11,3
2019-03-11,480,11,3
2019-03-12,480,11,3
2019-03-13,480,11,3
2019-03-14,480,11,3
2019-03-15,480,11,3
2019-03-16,481,12,3
2019-03-17,481,12,3
2019-03-18,481,12,3
2019-03-19,481,12,3
2019-03-20,481,12,3
2019-03-21,481,12,3
2019-03-22,481,12,3
2019-03-23,482,13,3
2019-03-24,482,13,3
2019-03-25,482,13,3
2019-03-26,482,13,3
2019-03-27,482,13,3
2019-03-28,482,13,3
2019-03-29,482,13,3
2019-03-30,483,14,4
2019-03-31,483,14,4
2019-04-01,483,14,4
2019-04-02,483,14,4
2019-04-03,483,14,4
2019-04-04,483,14,4
2019-04-05,483,14,4
2019-04-06,484,15,4
2019-04-07,484,15,4
2019-04-08,484,15,4
2019-04-09,484,15,4
2019-04-10,484,15,4
2019-04-11,484,15,4
2019-04-12,484,15,4
2019-04-13,485,16,4
2019-04-14,485,16,4
2019-04-15,485,16,4
2019-04-16,485,16,4
2019-04-17,485,16,4
2019-04-18,485,16,4
2019-04-19,485,16,4
2019-04-20,486,17,4
2019-04-21,486,17,4
2019-04-22,486,17,4
2019-04-23,486,17,4
2019-04-24,486,17,4
2019-04-25,486,17,4
2019-04-26,486,17,4
2019-04-27,487,18,4
2019-04-28,487,18,4
2019-04-29,487,18,4
2019-04-30,487,18,4
2019-05-01,487,18,4
2019-05-02,487,18,4
2019-05-03,487,18,4
2019-05-04,488,19,5
2019-05-05,488,19,5
2019-05-06,488,19,5
2019-05-07,488,19,5
2019-05-08,488,19,5
2019-05-09,488,19,5
2019-05-10,488,19,5
2019-05-11,489,20,5
2019-05-12,489,20,5
2019-05-13,489,20,5
2019-05-14,489,20,5
2019-05-15,489,20,5
2019-05-16,489,20,5
2019-05-17,489,20,5
2019-05-18,490,21,5
2019-05-19,490,21,5
2019-05-20,490,21,5
2019-05-21,490,21,5
2019-05-22,490,21,5
2019-05-23,490,21,5
2019-05-24,490,21,5
2019-05-25,491,22,5
2019-05-26,491,22,5
2019-05-27,491,22,5
2019-05-28,491,22,5
2019-05-29,491,22,5
2019-05-30,491,22,5
2019-05-31,491,22,5
2019-06-01,492,23,6
2019-06-02,492,23,6
2019-06-03,492,23,6
2019-06-04,492,23,6
2019-06-05,492,23,6
2019-06-06,492,23,6
2019-06-07,492,23,6
2019-06-08,493,24,6
2019-06-09,493,24,6
2019-06-10,493,24,6
2019-06-11,493,24,6
2019-06-12,493,24,6
2019-06-13,493,24,6
2019-06-14,493,24,6
2019-06-15,494,25,6
2019-06-16,494,25,6
2019-06-17,494,25,6
2019-06-18,494,25,6
2019-06-19,494,25,6
2019-06-20,494,25,6
2019-06-21,494,25,6
2019-06-22,495,26,6
2019-06-23,495,26,6
2019-06-24,495,26,6
2019-06-25,495,26,6
2019-06-26,495,26,6
2019-06-27,495,26,6
2019-06-28,495,26,6
2019-06-29,496,27,7
2019-06-30,496,27,7
2019-07-01,496,27,7
2019-07-02,496,27,7
2019-07-03,496,27,7
2019-07-04,496,27,7
2019-07-05,496,27,7
2019-07-06,497,28,7
2019-07-07,497,28,7
2019-07-08,497,28,7
2019-07-09,497,28,7
2019-07-10,497,28,7
2019-07-11,497,28,7
2019-07-12,497,28,7
2019-07-13,498,29,7
2019-07-14,498,29,7
2019-07-15,498,29,7
2019-07-16,498,29,7
2019-07-17,498,29,7
2019-07-18,498,29,7
2019-07-19,498,29,7
2019-07-20,499,30,7
2019-07-21,499,30,7
2019-07-22,499,30,7
2019-07-23,499,30,7
2019-07-24,499,30,7
2019-07-25,499,30,7
2019-07-26,499,30,7
2019-07-27,500,31,7
2019-07-28,500,31,7
2019-07-29,500,31,7
2019-07-30,500,31,7
2019-07-31,500,31,7
2019-08-01,500,31,7
2019-08-02,500,31,7
2019-08-03,501,32,8
2019-08-04,501,32,8
2019-08-05,501,32,8
2019-08-06,501,32,8
2019-08-07,501,32,8
2019-08-08,501,32,8
2019-08-09,501,32,8
2019-08-10,502,33,8
2019-08-11,502,33,8
2019-08-12,502,33,8
2019-08-13,502,33,8
2019-08-14,502,33,8
2019-08-15,502,33,8
2019-08-16,502,33,8
2019-08-17,503,34,8
2019-08-18,503,34,8
2019-08-19,503,34,8
2019-08-20,503,34,8
2019-08-21,503,34,8
2019-08-22,503,34,8
2019-08-23,503,34,8
2019-08-24,504,35,8
2019-08-25,504,35,8
2019-08-26,504,35,8
2019-08-27,504,35,8
2019-08-28,504,35,8
2019-08-29,504,35,8
2019-08-30,504,35,8
2019-08-31,505,36,9
2019-09-01,505,36,9
2019-09-02,505,36,9
2019-09-03,505,36,9
2019-09-04,505,36,9
2019-09-05,505,36,9
2019-09-06,505,36,9
2019-09-07,506,37,9
2019-09-08,506,37,9
2019-09-09,506,37,9
2019-09-10,506,37,9
2019-09-11,506,37,9
2019-09-12,506,37,9
2019-09-13,506,37,9
2019-09-14,507,38,9
2019-09-15,507,38,9
2019-09-16,507,38,9
2019-09-17,507,38,9
2019-09-18,507,38,9
2019-09-19,507,38,9
2019-09-20,507,38,9
2019-09-21,508,39,9
2019-09-22,508,39,9
2019-09-23,508,39,9
2019-09-24,508,39,9
2019-09-25,508,39,9
2019-09-26,508,39,9
2019-09-27,508,39,9
2019-09-28,509,40,10
2019-09-29,509,40,10
2019-09-30,509,40,10
2019-10-01,509,40,10
2019-10-02,509,40,10
2019-10-03,509,40,10
2019-10-04,509,40,10
2019-10-05,510,41,10
2019-10-06,510,41,10
2019-10-07,510,41,10
2019-10-08,510,41,10
2019-10-09,510,41,10
2019-10-10,510,41,10
2019-10-11,510,41,10
2019-10-12,511,42,10
2019-10-13,511,42,10
2019-10-14,511,42,10
2019-10-15,511,42,10
2019-10-16,511,42,10
2019-10-17,511,42,10
2019-10-18,511,42,10
2019-10-19,512,43,10
2019-10-20,512,43,10
2019-10-21,512,43,10
2019-10-22,512,43,10
2019-10-23,512,43,10
2019-10-24,512,43,10
2019-10-25,512,43,10
2019-10-26,513,44,10
2019-10-27,513,44,10
2019-10-28,513,44,10
2019-10-29,513,44,10
2019-10-30,513,44,10
2019-10-31,513,44,10
2019-11-01,513,44,10
2019-11-02,514,45,11
2019-11-03,514,45,11
2019-11-04,514,45,11
2019-11-05,514,45,11
2019-11-06,514,45,11
2019-11-07,514,45,11
2019-11-08,514,45,11
2019-11-09,515,46,11
2019-11-10,515,46,11
2019-11-11,515,46,11
2019-11-12,515,46,11
2019-11-13,515,46,11
2019-11-14,515,46,11
2019-11-15,515,46,11
2019-11-16,516,47,11
2019-11-17,516,47,11
2019-11-18,516,47,11
2019-11-19,516,47,11
2019-11-20,516,47,11
2019-11-21,516,47,11
2019-11-22,516,47,11
2019-11-23,517,48,11
2019-11-24,517,48,11
2019-11-25,517,48,11
2019-11-26,517,48,11
2019-11-27,517,48,11
2019-11-28,517,48,11
2019-11-29,517,48,11
2019-11-30,518,49,12
2019-12-01,518,49,12
2019-12-02,518,49,12
2019-12-03,518,49,12
2019-12-04,518,49,12
2019-12-05,518,49,12
2019-12-06,518,49,12
2019-12-07,519,50,12
2019-12-08,519,50,12
2019-12-09,519,50,12
2019-12-10,519,50,12
2019-12-11,519,50,12
2019-12-12,519,50,12
2019-12-13,519,50,12
2019-12-14,520,51,12
2019-12-15,520,51,12
2019-12-16,520,51,12
2019-12-17,520,51,12
2019-12-18,520,51,12
2019-12-19,520,51,12
2019-12-20,520,51,12
2019-12-21,521,52,12
2019-12-22,521,52,12
2019-12-23,521,52,12
2019-12-24,521,52,12
2019-12-25,521,52,12
2019-12-26,521,52,12
2019-12-27,521,52,12
2019-12-28,522,52,12
2019-12-29,522,52,12
2019-12-30,522,52,12
2019-12-31,522,52,12
2020-01-01,522,52,12
2020-01-02,522,52,12
2020-01-03,522,52,12
2020-01-04,523,1,1
2020-01-05,523,1,1
2020-01-06,523,1,1
2020-01-07,523,1,1
2020-01-08,523,1,1
2020-01-09,523,1,1
2020-01-10,523,1,1
2020-01-11,524,2,1
2020-01-12,524,2,1
2020-01-13,524,2,1
2020-01-14,524,2,1
2020-01-15,524,2,1
2020-01-16,524,2,1
2020-01-17,524,2,1
2020-01-18,525,3,1
2020-01-19,525,3,1
2020-01-20,525,3,1
2020-01-21,525,3,1
2020-01-22,525,3,1
2020-01-23,525,3,1
2020-01-24,525,3,1
2020-01-25,526,4,1
2020-01-26,526,4,1
2020-01-27,526,4,1
2020-01-28,526,4,1
2020-01-29,526,4,1
2020-01-30,526,4,1
2020-01-31,526,4,1
2020-02-01,527,5,2
2020-02-02,527,5,2
2020-02-03,527,5,2
2020-02-04,527,5,2
2020-02-05,527,5,2
2020-02-06,527,5,2
2020-02-07,527,5,2
2020-02-08,528,6,2
2020-02-09,528,6,2
2020-02-10,528,6,2
2020-02-11,528,6,2
2020-02-12,528,6,2
2020-02-13,528,6,2
2020-02-14,528,6,2
2020-02-15,529,7,2
2020-02-16,529,7,2
2020-02-17,529,7,2
2020-02-18,529,7,2
2020-02-19,529,7,2
2020-02-20,529,7,2
2020-02-21,529,7,2
2020-02-22,530,8,2
2020-02-23,530,8,2
2020-02-24,530,8,2
2020-02-25,530,8,2
2020-02-26,530,8,2
2020-02-27,530,8,2
2020-02-28,530,8,2
2020-02-29,531,9,3
2020-03-01,531,9,3
2020-03-02,531,9,3
2020-03-03,531,9,3
2020-03-04,531,9,3
2020-03-05,531,9,3
2020-03-06,531,9,3
2020-03-07,532,10,3
2020-03-08,532,10,3
2020-03-09,532,10,3
2020-03-10,532,10,3
2020-03-11,532,10,3
2020-03-12,532,10,3
2020-03-13,532,10,3
2020-03-14,533,11,3
2020-03-15,533,11,3
2020-03-16,533,11,3
2020-03-17,533,11,3
2020-03-18,533,11,3
2020-03-19,533,11,3
2020-03-20,533,11,3
2020-03-21,534,12,3
2020-03-22,534,12,3
2020-03-23,534,12,3
2020-03-24,534,12,3
2020-03-25,534,12,3
2020-03-26,534,12,3
2020-03-27,534,12,3
2020-03-28,535,13,3
2020-03-29,535,13,3
2020-03-30,535,13,3
2020-03-31,535,13,3
2020-04-01,535,13,3
2020-04-02,535,13,3
2020-04-03,535,13,3
2020-04-04,536,14,4
2020-04-05,536,14,4
2020-04-06,536,14,4
2020-04-07,536,14,4
2020-04-08,536,14,4
2020-04-09,536,14,4
2020-04-10,536,14,4
2020-04-11,537,15,4
2020-04-12,537,15,4
2020-04-13,537,15,4
2020-04-14,537,15,4
2020-04-15,537,15,4
2020-04-16,537,15,4
2020-04-17,537,15,4
2020-04-18,538,16,4
2020-04-19,538,16,4
2020-04-20,538,16,4
2020-04-21,538,16,4
2020-04-22,538,16,4
2020-04-23,538,16,4
2020-04-24,538,16,4
2020-04-25,539,17,4
2020-04-26,539,17,4
2020-04-27,539,17,4
2020-04-28,539,17,4
2020-04-29,539,17,4
2020-04-30,539,17,4
2020-05-01,539,17,4
2020-05-02,540,18,5
2020-05-03,540,18,5
2020-05-04,540,18,5
2020-05-05,540,18,5
2020-05-06,540,18,5
2020-05-07,540,18,5
2020-05-08,540,18,5
2020-05-09,541,19,5
2020-05-10,541,19,5
2020-05-11,541,19,5
2020-05-12,541,19,5
2020-05-13,541,19,5
2020-05-14,541,19,5
2020-05-15,541,19,5
2020-05-16,542,20,5
2020-05-17,542,20,5
2020-05-18,542,20,5
2020-05-19,542,20,5
2020-05-20,542,20,5
2020-05-21,542,20,5
2020-05-22,542,20,5
2020-05-23,543,21,5
2020-05-24,543,21,5
2020-05-25,543,21,5
2020-05-26,543,21,5
2020-05-27,543,21,5
2020-05-28,543,21,5
2020-05-29,543,21,5
2020-05-30,544,22,6
2020-05-31,544,22,6
2020-06-01,544,22,6
2020-06-02,544,22,6
2020-06-03,544,22,6
2020-06-04,544,22,6
2020-06-05,544,22,6
2020-06-06,545,23,6
2020-06-07,545,23,6
2020-06-08,545,23,6
2020-06-09,545,23,6
2020-06-10,545,23,6
2020-06-11,545,23,6
2020-06-12,545,23,6
2020-06-13,546,24,6
2020-06-14,546,24,6
2020-06-15,546,24,6
2020-06-16,546,24,6
2020-06-17,546,24,6
2020-06-18,546,24,6
2020-06-19,546,24,6
2020-06-20,547,25,6
2020-06-21,547,25,6
2020-06-22,547,25,6
2020-06-23,547,25,6
2020-06-24,547,25,6
2020-06-25,547,25,6
2020-06-26,547,25,6
2020-06-27,548,26,6
2020-06-28,548,26,6
2020-06-29,548,26,6
2020-06-30,548,26,6
2020-07-01,548,26,6
2020-07-02,548,26,6
2020-07-03,548,26,6
2020-07-04,549,27,7
2020-07-05,549,27,7
2020-07-06,549,27,7
2020-07-07,549,27,7
2020-07-08,549,27,7
2020-07-09,549,27,7
2020-07-10,549,27,7
2020-07-11,550,28,7
2020-07-12,550,28,7
2020-07-13,550,28,7
2020-07-14,550,28,7
2020-07-15,550,28,7
2020-07-16,550,28,7
2020-07-17,550,28,7
2020-07-18,551,29,7
2020-07-19,551,29,7
2020-07-20,551,29,7
2020-07-21,551,29,7
2020-07-22,551,29,7
2020-07-23,551,29,7
2020-07-24,551,29,7
2020-07-25,552,30,7
2020-07-26,552,30,7
2020-07-27,552,30,7
2020-07-28,552,30,7
2020-07-29,552,30,7
2020-07-30,552,30,7
2020-07-31,552,30,7
2020-08-01,553,31,8
2020-08-02,553,31,8
2020-08-03,553,31,8
2020-08-04,553,31,8
2020-08-05,553,31,8
2020-08-06,553,31,8
2020-08-07,553,31,8
2020-08-08,554,32,8
2020-08-09,554,32,8
2020-08-10,554,32,8
2020-08-11,554,32,8
2020-08-12,554,32,8
2020-08-13,554,32,8
2020-08-14,554,32,8
2020-08-15,555,33,8
2020-08-16,555,33,8
2020-08-17,555,33,8
2020-08-18,555,33,8
2020-08-19,555,33,8
2020-08-20,555,33,8
2020-08-21,555,33,8
2020-08-22,556,34,8
2020-08-23,556,34,8
2020-08-24,556,34,8
2020-08-25,556,34,8
2020-08-26,556,34,8
2020-08-27,556,34,8
2020-08-28,556,34,8
2020-08-29,557,35,9
2020-08-30,557,35,9
2020-08-31,557,35,9
2020-09-01,557,35,9
2020-09-02,557,35,9
2020-09-03,557,35,9
2020-09-04,557,35,9
2020-09-05,558,36,9
2020-09-06,558,36,9
2020-09-07,558,36,9
2020-09-08,558,36,9
2020-09-09,558,36,9
2020-09-10,558,36,9
2020-09-11,558,36,9
2020-09-12,559,37,9
2020-09-13,559,37,9
2020-09-14,559,37,9
2020-09-15,559,37,9
2020-09-16,559,37,9
2020-09-17,559,37,9
2020-09-18,559,37,9
2020-09-19,560,38,9
2020-09-20,560,38,9
2020-09-21,560,38,9
2020-09-22,560,38,9
2020-09-23,560,38,9
2020-09-24,560,38,9
2020-09-25,560,38,9
2020-09-26,561,39,9
2020-09-27,561,39,9
2020-09-28,561,39,9
2020-09-29,561,39,9
2020-09-30,561,39,9
2020-10-01,561,39,9
2020-10-02,561,39,9
2020-10-03,562,40,10
2020-10-04,562,40,10
2020-10-05,562,40,10
2020-10-06,562,40,10
2020-10-07,562,40,10
2020-10-08,562,40,10
2020-10-09,562,40,10
2020-10-10,563,41,10
2020-10-11,563,41,10
2020-10-12,563,41,10
2020-10-13,563,41,10
2020-10-14,563,41,10
2020-10-15,563,41,10
2020-10-16,563,41,10
2020-10-17,564,42,10
2020-10-18,564,42,10
2020-10-19,564,42,10
2020-10-20,564,42,10
2020-10-21,564,42,10
2020-10-22,564,42,10
2020-10-23,564,42,10
2020-10-24,565,43,10
2020-10-25,565,43,10
2020-10-26,565,43,10
2020-10-27,565,43,10
2020-10-28,565,43,10
2020-10-29,565,43,10
2020-10-30,565,43,10
2020-10-31,566,44,11
2020-11-01,566,44,11
2020-11-02,566,44,11
2020-11-03,566,44,11
2020-11-04,566,44,11
2020-11-05,566,44,11
2020-11-06,566,44,11
2020-11-07,567,45,11
2020-11-08,567,45,11
2020-11-09,567,45,11
2020-11-10,567,45,11
2020-11-11,567,45,11
2020-11-12,567,45,11
2020-11-13,567,45,11
2020-11-14,568,46,11
2020-11-15,568,46,11
2020-11-16,568,46,11
2020-11-17,568,46,11
2020-11-18,568,46,11
2020-11-19,568,46,11
2020-11-20,568,46,11
2020-11-21,569,47,11
2020-11-22,569,47,11
2020-11-23,569,47,11
2020-11-24,569,47,11
2020-11-25,569,47,11
2020-11-26,569,47,11
2020-11-27,569,47,11
2020-11-28,570,48,12
2020-11-29,570,48,12
2020-11-30,570,48,12
2020-12-01,570,48,12
2020-12-02,570,48,12
2020-12-03,570,48,12
2020-12-04,570,48,12
2020-12-05,571,49,12
2020-12-06,571,49,12
2020-12-07,571,49,12
2020-12-08,571,49,12
2020-12-09,571,49,12
2020-12-10,571,49,12
2020-12-11,571,49,12
2020-12-12,572,50,12
2020-12-13,572,50,12
2020-12-14,572,50,12
2020-12-15,572,50,12
2020-12-16,572,50,12
2020-12-17,572,50,12
2020-12-18,572,50,12
2020-12-19,573,51,12
2020-12-20,573,51,12
2020-12-21,573,51,12
2020-12-22,573,51,12
2020-12-23,573,51,12
2020-12-24,573,51,12
2020-12-25,573,51,12
2020-12-26,574,52,12
2020-12-27,574,52,12
2020-12-28,574,52,12
2020-12-29,574,52,12
2020-12-30,574,52,12
2020-12-31,574,52,12
2021-01-01,574,52,12
